feature.sig	pvalue.sig	fdr.sig	n.sig	coef.sig	mean0.sig	mean1.sig	mean0.sig.w	mean1.sig.w	class
RB1	1.36339035107297e-05	0.00489457136035197	2	1.13906971557469	0.105590062111801	0.248677248677249	0.0993358639658913	0.256249122387272	BLCA
COL6A6	0.000139188854136218	0.0249843993174511	2	-1.49337932742642	0.124223602484472	0.0317460317460317	0.141915260734647	0.0358172191751313	BLCA
TP53	3.15093459830081e-07	3.62357478804594e-05	1	0.636566991689674	0.25531914893617	0.387755102040816	0.247317074909671	0.383101190391542	BRCA
ZFHX4	3.21114007810834e-05	0.0332031884076403	1	1.45076105580858	0.0674157303370786	0.247933884297521	0.0707240023059808	0.24511096890788	COAD
PTEN	0.000127218312245869	0.00295146484410416	6	2.00269257208133	0.0152905198776758	0.129496402877698	0.0172860913196709	0.115298775667705	LGG
NF1	0.000489694338381017	0.00946742387536633	6	1.38695426908539	0.0336391437308868	0.136690647482014	0.0338749821689915	0.123071257368095	LGG
ATRX	3.02517487504329e-08	1.75460142752511e-06	6	-1.08063601022768	0.46177370030581	0.223021582733813	0.471442045377866	0.232367256151331	LGG
IDH1	1.42731390200293e-13	1.65568412632339e-11	6	-1.62967398436453	0.899082568807339	0.510791366906475	0.858058188301213	0.542293876218056	LGG
TP53	1.08471769455596e-07	4.19424175228305e-06	6	-0.980006305642518	0.574923547400612	0.309352517985612	0.567334312697276	0.329814778599701	LGG
EGFR	6.14918968141173e-07	1.7832650076094e-05	6	2.12356615351384	0.018348623853211	0.194244604316547	0.0263774979461982	0.184681486579947	LGG
KEAP1	3.46955523217079e-06	0.00257094042703855	1	1.1760891485927	0.1	0.240343347639485	0.0928624792264948	0.249162261532173	LUAD
LCE2A	0.000152333309096442	0.0169089973097051	1	-1.2961967364219	0.469387755102041	0.242105263157895	0.490642719992352	0.208559517086123	PAAD
PIK3CA	0.000914010209397529	0.0115195847814777	1208	0.947451422429844	0.4	0.679245283018868	0.450872557503327	0.679245283018868	UCEC
TTN	0.0317751096515637	0.0419320442650766	1208	0.61699497795622	0.263157894736842	0.452830188679245	0.308692952114641	0.452830188679245	UCEC
CSMD3	1.13315175692876e-05	0.00570730768239788	1208	1.87199812708336	0.0842105263157895	0.339622641509434	0.0733064430808047	0.339622641509434	UCEC
MUC16	0.00232331574786073	0.012812153631451	1208	1.00191702907981	0.157894736842105	0.358490566037736	0.170252533042671	0.358490566037736	UCEC
ZFHX3	0.000947856291766604	0.0115195847814777	1208	1.19095538951442	0.136842105263158	0.320754716981132	0.125509389637324	0.320754716981132	UCEC
DMD	0.000276123707505567	0.0101627830804638	1208	1.53270660416999	0.0631578947368421	0.283018867924528	0.0785478651139428	0.283018867924528	UCEC
FAT1	2.43133691168027e-05	0.00918437518387221	1208	1.83490669213218	0.0736842105263158	0.320754716981132	0.0700962175411373	0.320754716981132	UCEC
FAT4	0.000349394568566258	0.0101627830804638	1208	1.40377667816187	0.0947368421052632	0.30188679245283	0.0960325749975336	0.30188679245283	UCEC
MUC5B	0.00811486292550369	0.0165473115795359	1208	0.951619669630831	0.126315789473684	0.283018867924528	0.132256192366261	0.283018867924528	UCEC
RYR2	0.000108116043370056	0.0101627830804638	1208	1.7524963599478	0.0736842105263158	0.283018867924528	0.0640419500682543	0.283018867924528	UCEC
OBSCN	0.000121794420272103	0.0101627830804638	1208	1.59906390402274	0.0947368421052632	0.30188679245283	0.0803653633397016	0.30188679245283	UCEC
DST	0.00189056523432272	0.0120026830416687	1208	1.13456867297849	0.115789473684211	0.30188679245283	0.122077968300214	0.30188679245283	UCEC
NEB	0.0011992660682043	0.0120026830416687	1208	1.2600959165111	0.105263157894737	0.283018867924528	0.100685421779867	0.283018867924528	UCEC
ZFHX4	0.0103575718093789	0.0197854500682321	1208	0.94960537991972	0.105263157894737	0.264150943396226	0.121948150165262	0.264150943396226	UCEC
ARHGAP35	0.0075740085856706	0.0165234838208476	1208	1.17928650940123	0.0947368421052632	0.207547169811321	0.0745326992405684	0.207547169811321	UCEC
TAF1	0.000329863867255677	0.0101627830804638	1208	1.60557118235536	0.0631578947368421	0.264150943396226	0.0672277160386603	0.264150943396226	UCEC
FAT3	0.00484987514335194	0.0153952969361445	1208	1.07775677854615	0.0947368421052632	0.264150943396226	0.10887724945825	0.264150943396226	UCEC
USH2A	0.000719182021288977	0.0115195847814777	1208	1.43071320408265	0.0842105263157895	0.264150943396226	0.0790578382460583	0.264150943396226	UCEC
DNAH5	3.36895789191902e-06	0.00509049537468964	1208	2.32487675579884	0.0421052631578947	0.339622641509434	0.0478863888481592	0.339622641509434	UCEC
MACF1	0.00126486114938346	0.0120026830416687	1208	1.31857244436937	0.0947368421052632	0.264150943396226	0.0876176433368672	0.264150943396226	UCEC
SYNE1	0.00276644444978119	0.0135749612254866	1208	1.24044702381872	0.0947368421052632	0.245283018867925	0.0859297658040628	0.245283018867925	UCEC
RYR3	0.00292362083353199	0.0135749612254866	1208	1.31011879315546	0.0842105263157895	0.226415094339623	0.0731835949451762	0.226415094339623	UCEC
LRP2	8.4484526203194e-05	0.0101627830804638	1208	2.07493581066133	0.0526315789473684	0.264150943396226	0.0431303547012181	0.264150943396226	UCEC
MDN1	0.00253333270830717	0.01352602728711	1208	1.34296077192282	0.0631578947368421	0.226415094339623	0.0709869856057588	0.226415094339623	UCEC
MLL2	0.000273853975106667	0.0101627830804638	1208	1.53485556921371	0.0736842105263158	0.283018867924528	0.0783924740326875	0.283018867924528	UCEC
ABCA13	0.00544696333429279	0.0157972391518549	1208	1.25667556410867	0.0736842105263158	0.207547169811321	0.0693672478975421	0.207547169811321	UCEC
FLG	0.000505425684790115	0.0108908492010707	1208	1.50617745284471	0.0631578947368421	0.264150943396226	0.0737350694421131	0.264150943396226	UCEC
ANK3	0.000320503106595971	0.0101627830804638	1208	2.05723624168104	0.0421052631578947	0.226415094339623	0.0360580204061393	0.226415094339623	UCEC
DNAH10	0.0255314316206338	0.0353926542924566	1208	0.868825836695169	0.0947368421052632	0.226415094339623	0.109340899105076	0.226415094339623	UCEC
CSMD2	0.00470361065943197	0.0150256991678683	1208	1.13806208745578	0.0736842105263158	0.245283018867925	0.0943200523423803	0.245283018867925	UCEC
FGFR2	0.00939491241311194	0.0181821031960621	1208	1.01031403592847	0.0947368421052632	0.245283018867925	0.105812755808251	0.245283018867925	UCEC
HERC1	0.00194917640254403	0.0120026830416687	1208	1.72526609045081	0.0631578947368421	0.188679245283019	0.0397768300891382	0.188679245283019	UCEC
UBR4	0.000608211415174744	0.0115195847814777	1208	1.46593950354859	0.0736842105263158	0.264150943396226	0.0765308249800502	0.264150943396226	UCEC
NBEA	0.0112817530764255	0.0204827867114455	1208	1.02765134973719	0.0947368421052632	0.226415094339623	0.0948059859990911	0.226415094339623	UCEC
PCLO	0.00142380620496034	0.0120026830416687	1208	1.48478584281584	0.0631578947368421	0.226415094339623	0.0621842785263314	0.226415094339623	UCEC
RYR1	0.000754056712306279	0.0115195847814777	1208	1.34087825019	0.0736842105263158	0.283018867924528	0.0936030642959647	0.283018867924528	UCEC
MLL4	0.00211971433293428	0.0121166554860697	1208	1.68842694821943	0.0526315789473684	0.188679245283019	0.0412079904164661	0.188679245283019	UCEC
APOB	0.000184058678214342	0.0101627830804638	1208	2.00321342316174	0.0526315789473684	0.245283018867925	0.0420013932774679	0.245283018867925	UCEC
LAMA2	0.000432968391653185	0.0108908492010707	1208	1.54104000906861	0.0736842105263158	0.264150943396226	0.0713891193181544	0.264150943396226	UCEC
CACNA1E	0.00877392905907087	0.0174439563266528	1208	1.14582270251136	0.0631578947368421	0.207547169811321	0.0768740688818679	0.207547169811321	UCEC
BCOR	0.0011830650268137	0.0119973909766141	1208	1.53477661403125	0.0526315789473684	0.226415094339623	0.0593319687877086	0.226415094339623	UCEC
MUC17	0.00115674217970182	0.0119825379414936	1208	1.4239069002325	0.0631578947368421	0.245283018867925	0.0725719322937971	0.245283018867925	UCEC
DNAH11	4.80181985681971e-05	0.0101627830804638	1208	2.02578570989825	0.0526315789473684	0.283018867924528	0.0494855964389276	0.283018867924528	UCEC
APC	0.00606294189599754	0.0165234838208476	1208	1.23112352289518	0.0736842105263158	0.207547169811321	0.0710350317724361	0.207547169811321	UCEC
CHD3	0.000414967408600235	0.0108908492010707	1208	1.90544129529941	0.0315789473684211	0.226415094339623	0.0417221051961151	0.226415094339623	UCEC
AKAP9	6.39356344659241e-05	0.0101627830804638	1208	2.33120801524221	0.0421052631578947	0.264150943396226	0.0337086037653934	0.264150943396226	UCEC
ATM	5.11570925863541e-05	0.0101627830804638	1208	1.99823552096667	0.0526315789473684	0.283018867924528	0.0507976705667024	0.283018867924528	UCEC
ODZ1	0.00207614618787151	0.0120656034225917	1208	1.38999971655677	0.0631578947368421	0.226415094339623	0.0679467819567	0.226415094339623	UCEC
HMCN1	0.000346016772224252	0.0101627830804638	1208	1.59389134068363	0.0526315789473684	0.264150943396226	0.0679638498808101	0.264150943396226	UCEC
MKI67	0.0259907324733102	0.0357018152428834	1208	0.911188855873512	0.0736842105263158	0.207547169811321	0.0952664155701422	0.207547169811321	UCEC
LRP1B	0.000265716777023565	0.0101627830804638	1208	1.83771496423222	0.0526315789473684	0.245283018867925	0.0491890103680622	0.245283018867925	UCEC
PCDH15	0.00034439836131626	0.0101627830804638	1208	2.0088099757399	0.0421052631578947	0.226415094339623	0.0377795565086677	0.226415094339623	UCEC
GPR112	0.0056578219889216	0.0161606219759178	1208	1.16722531314561	0.0842105263157895	0.226415094339623	0.0834865860750804	0.226415094339623	UCEC
DNAH9	6.2183636687197e-05	0.0101627830804638	1208	2.43482203574889	0.0421052631578947	0.264150943396226	0.0304919414649015	0.264150943396226	UCEC
DNAH2	0.000626900696227255	0.0115195847814777	1208	1.57186930174296	0.0526315789473684	0.245283018867925	0.0632216794492542	0.245283018867925	UCEC
SPTA1	0.00584262104335063	0.016348519252783	1208	1.16054894389488	0.0736842105263158	0.226415094339623	0.0839988616220371	0.226415094339623	UCEC
ASPM	8.45268900589792e-06	0.00570730768239788	1208	2.2049170815369	0.0421052631578947	0.320754716981132	0.0494902529410348	0.320754716981132	UCEC
AHNAK2	0.00172167721231133	0.0120026830416687	1208	1.57158980192246	0.0526315789473684	0.207547169811321	0.0515946432724245	0.207547169811321	UCEC
GPR98	0.0165802433824757	0.0261111314507488	1208	1.07373455596123	0.0631578947368421	0.188679245283019	0.0736212420034656	0.188679245283019	UCEC
CSMD1	0.00521184897085924	0.0157896079406802	1208	1.18437982111505	0.0631578947368421	0.226415094339623	0.0821833257247169	0.226415094339623	UCEC
BIRC6	0.000129215257402151	0.0101627830804638	1208	2.52437217590328	0.0315789473684211	0.245283018867925	0.0253746555397652	0.245283018867925	UCEC
HERC2	0.000262250117574547	0.0101627830804638	1208	1.84276158236376	0.0631578947368421	0.245283018867925	0.0489535190517519	0.245283018867925	UCEC
SMG1	0.00196337024119474	0.0120026830416687	1208	1.5302748835793	0.0526315789473684	0.207547169811321	0.0536541523202526	0.207547169811321	UCEC
DNAH7	0.000301688255210084	0.0101627830804638	1208	1.79102801887101	0.0526315789473684	0.245283018867925	0.051419064084448	0.245283018867925	UCEC
POLE	0.000247809053018798	0.0101627830804638	1208	1.67907746908456	0.0526315789473684	0.264150943396226	0.0627623336285277	0.264150943396226	UCEC
HUWE1	0.00114615360958605	0.0119825379414936	1208	1.71578425203634	0.0526315789473684	0.207547169811321	0.0449780985210385	0.207547169811321	UCEC
DSCAM	0.00144521759326076	0.0120026830416687	1208	1.63015986739022	0.0526315789473684	0.207547169811321	0.0488027767781605	0.207547169811321	UCEC
UTRN	0.000125445123958005	0.0101627830804638	1208	1.89320234735902	0.0631578947368421	0.264150943396226	0.0512851684121167	0.264150943396226	UCEC
TG	0.000785806562127306	0.0115195847814777	1208	1.41221219043279	0.0631578947368421	0.264150943396226	0.0804153847448503	0.264150943396226	UCEC
AHNAK	0.00176512813912264	0.0120026830416687	1208	1.4297762586182	0.0526315789473684	0.226415094339623	0.0654706137435332	0.226415094339623	UCEC
MLL3	8.27015246105163e-05	0.0101627830804638	1208	2.84116113866007	0.0421052631578947	0.264150943396226	0.0205191225443359	0.264150943396226	UCEC
MGA	0.00066215697916761	0.0115195847814777	1208	1.55770042538646	0.0526315789473684	0.245283018867925	0.0640660382041103	0.245283018867925	UCEC
MTOR	0.00436464473877909	0.0142748445893836	1208	1.22197504753125	0.0631578947368421	0.226415094339623	0.0793917258712084	0.226415094339623	UCEC
XIRP2	0.0109188685107392	0.0204827867114455	1208	1.09703181882915	0.0631578947368421	0.207547169811321	0.080408758312252	0.207547169811321	UCEC
FAT2	0.0051353212250598	0.0157896079406802	1208	1.38143660014931	0.0526315789473684	0.188679245283019	0.0551978455319243	0.188679245283019	UCEC
TRRAP	0.020525747099301	0.0294254306138936	1208	1.02287744888012	0.0736842105263158	0.188679245283019	0.0771658542243816	0.188679245283019	UCEC
SI	0.00337556055256995	0.0135749612254866	1208	1.51329848962551	0.0526315789473684	0.188679245283019	0.0487109775904006	0.188679245283019	UCEC
MUC4	0.0176518407655278	0.0263110924806988	1208	1.05871041345634	0.0631578947368421	0.188679245283019	0.0746524926389664	0.188679245283019	UCEC
FAM135B	0.00951566325545461	0.0182928335610584	1208	1.12759160949966	0.0631578947368421	0.207547169811321	0.0781778496208957	0.207547169811321	UCEC
SACS	0.000109566386676525	0.0101627830804638	1208	1.94736945384235	0.0631578947368421	0.264150943396226	0.0487128191930194	0.264150943396226	UCEC
DSP	0.000138974839252646	0.0101627830804638	1208	2.21363801508409	0.0315789473684211	0.245283018867925	0.0343046296783395	0.245283018867925	UCEC
DNAH8	0.000780758717916556	0.0115195847814777	1208	1.51630452273511	0.0526315789473684	0.245283018867925	0.0665934504411637	0.245283018867925	UCEC
CEP290	0.000668853204652691	0.0115195847814777	1208	1.9866975106616	0.0315789473684211	0.207547169811321	0.0346741300516751	0.207547169811321	UCEC
EYS	0.00152868226470413	0.0120026830416687	1208	1.84739547988944	0.0315789473684211	0.188679245283019	0.0353655633219968	0.188679245283019	UCEC
KALRN	0.000421652416330616	0.0108908492010707	1208	1.89758579109934	0.0421052631578947	0.226415094339623	0.0420373121353207	0.226415094339623	UCEC
DCHS1	0.011178804179436	0.0204827867114455	1208	1.17075915088488	0.0736842105263158	0.188679245283019	0.0672717082004503	0.188679245283019	UCEC
MYO3A	0.00351726297137528	0.0135749612254866	1208	1.36605852648934	0.0526315789473684	0.207547169811321	0.06263004773197	0.207547169811321	UCEC
VPS13B	0.00030455043004278	0.0101627830804638	1208	2.09953353084087	0.0315789473684211	0.226415094339623	0.0346163675624592	0.226415094339623	UCEC
CNTNAP5	0.00159670826653175	0.0120026830416687	1208	1.59626376228117	0.0526315789473684	0.207547169811321	0.0504005532573227	0.207547169811321	UCEC
ODZ3	0.0211839695596184	0.0302256638381335	1208	1.01543642977106	0.0631578947368421	0.188679245283019	0.0776974087444609	0.188679245283019	UCEC
COL11A1	0.00113981470443562	0.0119825379414936	1208	1.717969435193	0.0631578947368421	0.207547169811321	0.0448843270867424	0.207547169811321	UCEC
USP9X	0.0115280616651748	0.0205411570472631	1208	1.08507803965588	0.0736842105263158	0.207547169811321	0.0812971039737746	0.207547169811321	UCEC
ODZ4	0.00425270940893437	0.0140358886911547	1208	1.31746164636466	0.0631578947368421	0.207547169811321	0.065544421209423	0.207547169811321	UCEC
MED12	0.0282802135962092	0.0377152716185985	1208	1.01688389134814	0.0631578947368421	0.169811320754717	0.0688911190217789	0.169811320754717	UCEC
NAV3	0.00201268989739713	0.0120026830416687	1208	1.39750220109022	0.0631578947368421	0.226415094339623	0.0674731868522937	0.226415094339623	UCEC
DYNC1H1	0.00204397753835343	0.0120026830416687	1208	1.39376814799499	0.0526315789473684	0.226415094339623	0.0677085153493217	0.226415094339623	UCEC
MYCBP2	0.000987616850510703	0.0115195847814777	1208	2.39931259056595	0.0210526315789474	0.188679245283019	0.0206752167287976	0.188679245283019	UCEC
EP400	0.000552547079131569	0.011282414007673	1208	1.78074511010374	0.0421052631578947	0.226415094339623	0.0470025429849821	0.226415094339623	UCEC
MYO18B	0.000819091259400889	0.0115195847814777	1208	1.64337832939911	0.0526315789473684	0.226415094339623	0.0535529700505979	0.226415094339623	UCEC
DNAH3	0.000269978469466014	0.0101627830804638	1208	2.23108505399645	0.0421052631578947	0.226415094339623	0.0304794060881065	0.226415094339623	UCEC
PXDN	0.0010184476946062	0.0115195847814777	1208	2.52420788948407	0.0315789473684211	0.188679245283019	0.0182921290809614	0.188679245283019	UCEC
SSPO	0.0369926830741072	0.047409621819318	1208	0.947634838114019	0.0736842105263158	0.169811320754717	0.0734679150312824	0.169811320754717	UCEC
PPFIA2	0.000261760146321705	0.0101627830804638	1208	2.28808524235514	0.0315789473684211	0.226415094339623	0.0288393631440959	0.226415094339623	UCEC
PKHD1L1	0.0008156367934454	0.0115195847814777	1208	1.64471589640654	0.0631578947368421	0.226415094339623	0.0534852158694433	0.226415094339623	UCEC
C12orf51	0.00014342938460879	0.0101627830804638	1208	2.69018620127581	0.0315789473684211	0.245283018867925	0.021581177524431	0.245283018867925	UCEC
RNF213	0.000303087997545707	0.0101627830804638	1208	2.10362518567777	0.0315789473684211	0.226415094339623	0.0344798924005695	0.226415094339623	UCEC
VCAN	0.0115142308765696	0.0205407353654033	1208	1.08534173272918	0.0736842105263158	0.207547169811321	0.0812774114702227	0.207547169811321	UCEC
ATRX	0.00569356903064524	0.0162320430288773	1208	1.50018711942397	0.0526315789473684	0.169811320754717	0.0436403366910153	0.169811320754717	UCEC
ZNF292	0.000480352326926171	0.0108908492010707	1208	1.83803585467429	0.0526315789473684	0.226415094339623	0.0445018835533642	0.226415094339623	UCEC
PIKFYVE	0.00868880410840242	0.0173445022046078	1208	1.35367111608853	0.0421052631578947	0.169811320754717	0.0501809427059444	0.169811320754717	UCEC
FN1	0.00425442555959553	0.0140358886911547	1208	1.31736055333903	0.0526315789473684	0.207547169811321	0.0655506132624249	0.207547169811321	UCEC
DYNC2H1	0.00324974965966218	0.0135749612254866	1208	1.38689504345757	0.0526315789473684	0.207547169811321	0.061417878075122	0.207547169811321	UCEC
NSD1	0.000516387873313125	0.0108908492010707	1208	2.50887196880299	0.0315789473684211	0.207547169811321	0.0208639805816457	0.207547169811321	UCEC
BRCA2	0.000315059044735225	0.0101627830804638	1208	2.07001661086	0.0315789473684211	0.226415094339623	0.0356164266069584	0.226415094339623	UCEC
CUL9	0.00220236848062634	0.0122796264731601	1208	1.67231142333274	0.0421052631578947	0.188679245283019	0.0418494420230425	0.188679245283019	UCEC
ABCA12	0.00152350467211511	0.0120026830416687	1208	1.61203398711694	0.0421052631578947	0.207547169811321	0.0496511142378054	0.207547169811321	UCEC
NAV2	0.000126963082950747	0.0101627830804638	1208	2.42744084236162	0.0315789473684211	0.245283018867925	0.0278853865913894	0.245283018867925	UCEC
CACNA1C	0.0273117967979875	0.0369786065965583	1208	1.02598981480616	0.0631578947368421	0.169811320754717	0.0683093063626865	0.169811320754717	UCEC
TPR	0.000620759568473706	0.0115195847814777	1208	2.04245015820036	0.0315789473684211	0.207547169811321	0.0328556351505574	0.207547169811321	UCEC
DNAH1	0.000825242274182486	0.0115195847814777	1208	1.8620560310403	0.0315789473684211	0.207547169811321	0.0390968993150322	0.207547169811321	UCEC
PRKDC	0.00748419763574844	0.0165234838208476	1208	1.18202680422035	0.0842105263157895	0.207547169811321	0.0743439005860605	0.207547169811321	UCEC
AKAP6	5.05974617754186e-05	0.0101627830804638	1208	2.99281044432244	0.0210526315789474	0.283018867924528	0.0194103736084919	0.283018867924528	UCEC
CUX1	0.0212530024465795	0.0302669997142146	1208	1.19647718605523	0.0421052631578947	0.150943396226415	0.0509944359201811	0.150943396226415	UCEC
ATR	0.000523538606850573	0.0108908492010707	1208	1.80212211954909	0.0526315789473684	0.226415094339623	0.0460542155160931	0.226415094339623	UCEC
SVEP1	0.0397084860347188	0.0498334903641695	1208	0.929598849126811	0.0631578947368421	0.169811320754717	0.0747051158228428	0.169811320754717	UCEC
DMXL1	0.00309454002155824	0.0135749612254866	1208	1.54314839224663	0.0421052631578947	0.188679245283019	0.047346271454108	0.188679245283019	UCEC
KIAA1109	0.000574793936601989	0.0115195847814777	1208	1.76557286736645	0.0421052631578947	0.226415094339623	0.04768684797871	0.226415094339623	UCEC
BAZ2B	0.0368071781896502	0.047252035891726	1208	0.887463890120567	0.0736842105263158	0.188679245283019	0.0873779476305303	0.188679245283019	UCEC
CDH23	0.00100559041119268	0.0115195847814777	1208	2.2572482561658	0.0315789473684211	0.188679245283019	0.023756328073124	0.188679245283019	UCEC
ASH1L	0.00352545620104294	0.0135749612254866	1208	1.49875969827785	0.0421052631578947	0.188679245283019	0.0493891167504711	0.188679245283019	UCEC
WDFY3	0.000148156555096123	0.0101627830804638	1208	2.72471714719159	0.0210526315789474	0.245283018867925	0.0208639615920567	0.245283018867925	UCEC
MYH1	0.000590195842588453	0.0115195847814777	1208	3.74758345771939	0.0210526315789474	0.264150943396226	0.00839167731378451	0.264150943396226	UCEC
MYOM1	0.0046036366688301	0.014800202141707	1208	1.90264546000231	0.0421052631578947	0.150943396226415	0.025834600442082	0.150943396226415	UCEC
ABCB1	0.000785286469851031	0.0115195847814777	1208	1.8881306487971	0.0421052631578947	0.207547169811321	0.0381290057069965	0.207547169811321	UCEC
NOL4	0.000312302628686164	0.0101627830804638	1208	2.07669712199365	0.0315789473684211	0.226415094339623	0.0353876751872244	0.226415094339623	UCEC
RELN	0.000330969112002257	0.0101627830804638	1208	2.03482097066888	0.0421052631578947	0.226415094339623	0.0368452823387245	0.226415094339623	UCEC
CMYA5	0.00366840456655393	0.0135749612254866	1208	1.48566147832315	0.0526315789473684	0.188679245283019	0.0500077182472194	0.188679245283019	UCEC
LRRK2	0.0094219634695676	0.0181821031960621	1208	1.21447493071161	0.0526315789473684	0.188679245283019	0.064580054824452	0.188679245283019	UCEC
PKD1L1	0.000505967369751795	0.0108908492010707	1208	1.81608869194013	0.0631578947368421	0.226415094339623	0.0454444945079672	0.226415094339623	UCEC
DCC	0.00327510108415735	0.0135749612254866	1208	1.74435218823964	0.0421052631578947	0.169811320754717	0.0345123111697629	0.169811320754717	UCEC
ZNF462	0.00115063770919668	0.0119825379414936	1208	1.71425090979368	0.0421052631578947	0.207547169811321	0.0450440093285327	0.207547169811321	UCEC
LYST	0.000286666817226853	0.0101627830804638	1208	2.67687586155643	0.0210526315789474	0.226415094339623	0.0197328325282824	0.226415094339623	UCEC
MGAM	0.00386487068105954	0.0135749612254866	1208	3.56412884413069	0.0105263157894737	0.188679245283019	0.00654333231763594	0.188679245283019	UCEC
DNHD1	0.00142140039068888	0.0120026830416687	1208	1.89231517215048	0.0315789473684211	0.188679245283019	0.0338647169394441	0.188679245283019	UCEC
SLITRK3	0.000186615537020759	0.0101627830804638	1208	2.91181024101331	0.0210526315789474	0.245283018867925	0.0173656945593259	0.245283018867925	UCEC
CREBBP	0.0105385131268555	0.0200046398676868	1208	1.29300152569599	0.0421052631578947	0.169811320754717	0.0531528181979931	0.169811320754717	UCEC
NRXN1	0.00228702707234143	0.0127047717143673	1208	1.99113796013286	0.0210526315789474	0.169811320754717	0.0271698125832213	0.169811320754717	UCEC
MYO16	0.00100649254528015	0.0115195847814777	1208	2.49198291108128	0.0210526315789474	0.188679245283019	0.0188798829030354	0.188679245283019	UCEC
HYDIN	0.000306988722287828	0.0101627830804638	1208	2.75093509554674	0.0210526315789474	0.226415094339623	0.0183500853402776	0.226415094339623	UCEC
BRWD3	0.00279425777455629	0.0135749612254866	1208	3.68296952134521	0.0105263157894737	0.207547169811321	0.00654333231763594	0.207547169811321	UCEC
TAF1L	0.000758799154119102	0.0115195847814777	1208	1.9070351058864	0.0315789473684211	0.207547169811321	0.037441702285523	0.207547169811321	UCEC
CUBN	0.00366835002178571	0.0135749612254866	1208	1.35512810930839	0.0526315789473684	0.207547169811321	0.0632748214794858	0.207547169811321	UCEC
ANKRD30A	0.00279425777455627	0.0135749612254866	1208	3.68296952134521	0.0105263157894737	0.207547169811321	0.00654333231763594	0.207547169811321	UCEC
PLCE1	0.0173608222814357	0.0261111314507488	1208	1.14787145870877	0.0631578947368421	0.169811320754717	0.0609487611408769	0.169811320754717	UCEC
ATP10A	0.000150847736988027	0.0101627830804638	1208	2.74248108860386	0.0210526315789474	0.245283018867925	0.0205041401530475	0.245283018867925	UCEC
VPS13D	0.00831525673529156	0.0167510798148676	1208	1.36794514548311	0.0526315789473684	0.169811320754717	0.0495049540812319	0.169811320754717	UCEC
COL5A1	0.022476007371621	0.0316802678530964	1208	1.17855394242629	0.0526315789473684	0.150943396226415	0.0518688268095862	0.150943396226415	UCEC
TRPM6	0.0182261962890367	0.026685835845673	1208	1.13442345750122	0.0631578947368421	0.169811320754717	0.0617230039130096	0.169811320754717	UCEC
TRPM3	0.000990118440500195	0.0115195847814777	1208	2.32122556940887	0.0210526315789474	0.188679245283019	0.0223169165301223	0.188679245283019	UCEC
CACNA1F	0.00151703944227904	0.0120026830416687	1208	3.89881377017781	0.0105263157894737	0.245283018867925	0.00654333231763594	0.245283018867925	UCEC
KIAA1217	0.0272381560855538	0.0369451111716982	1208	1.11851054456331	0.0526315789473684	0.150943396226415	0.0549023816542674	0.150943396226415	UCEC
PPP1R3A	0.000837711626096965	0.0115195847814777	1208	1.85435836204379	0.0526315789473684	0.207547169811321	0.0393871159008605	0.207547169811321	UCEC
FREM2	0.000519585090135961	0.0108908492010707	1208	2.52502390637916	0.0315789473684211	0.207547169811321	0.020536558922241	0.207547169811321	UCEC
KIAA0564	0.00131043413256698	0.0120026830416687	1208	1.66502748569391	0.0421052631578947	0.207547169811321	0.0472094132281915	0.207547169811321	UCEC
ALMS1	0.00140356107997914	0.0120026830416687	1208	1.900335236754	0.0421052631578947	0.188679245283019	0.0336032959911968	0.188679245283019	UCEC
PKHD1	0.00064736449646349	0.0115195847814777	1208	2.00999181321794	0.0315789473684211	0.207547169811321	0.03390282242691	0.207547169811321	UCEC
CDH10	0.00125712149651167	0.0120026830416687	1208	1.68035961365844	0.0421052631578947	0.207547169811321	0.0465245316230402	0.207547169811321	UCEC
NIPBL	0.000510019951541142	0.0108908492010707	1208	2.46753385128242	0.0315789473684211	0.207547169811321	0.02172540271234	0.207547169811321	UCEC
SPTAN1	0.00113938637702912	0.0119825379414936	1208	2.06532703830094	0.0315789473684211	0.188679245283019	0.0286386298614582	0.188679245283019	UCEC
CAMTA1	0.000668853204652691	0.0115195847814777	1208	1.9866975106616	0.0315789473684211	0.207547169811321	0.0346741300516751	0.207547169811321	UCEC
TET1	0.000295245224351845	0.0101627830804638	1208	2.12704749783794	0.0315789473684211	0.226415094339623	0.0337085847758044	0.226415094339623	UCEC
KIAA0947	0.000312842069221532	0.0101627830804638	1208	2.07537422663389	0.0315789473684211	0.226415094339623	0.0354328605860837	0.226415094339623	UCEC
SETD2	0.000988375804089065	0.0115195847814777	1208	2.40779616255674	0.0210526315789474	0.188679245283019	0.0205041401530475	0.188679245283019	UCEC
PLXNA4	0.00526655004199061	0.0157896079406802	1208	1.37402554041239	0.0421052631578947	0.188679245283019	0.055585616525277	0.188679245283019	UCEC
ZAN	0.0010393806978026	0.0115354986310584	1208	2.18462362881401	0.0315789473684211	0.188679245283019	0.0255001842677367	0.188679245283019	UCEC
SYNE2	0.00204751334261446	0.0120026830416687	1208	3.7940784499139	0.0105263157894737	0.226415094339623	0.00654333231763594	0.226415094339623	UCEC
RBBP6	0.0370465446833581	0.0474384144208086	1208	1.13377142752076	0.0421052631578947	0.132075471698113	0.0466858809108139	0.132075471698113	UCEC
CADPS	0.00275566623078033	0.0135749612254866	1208	1.58474489998047	0.0421052631578947	0.188679245283019	0.0455050116670398	0.188679245283019	UCEC
COL19A1	0.00191627866513335	0.0120026830416687	1208	2.27944518315318	0.0315789473684211	0.169811320754717	0.0205041591426365	0.169811320754717	UCEC
VPS13A	0.000349745016667185	0.0101627830804638	1208	1.99924009514318	0.0315789473684211	0.226415094339623	0.0381289867174075	0.226415094339623	UCEC
ALPK3	0.021992590527878	0.0310568264370315	1208	1.18549429020893	0.0421052631578947	0.150943396226415	0.0515285708772896	0.150943396226415	UCEC
ASXL3	0.0295631989320749	0.0393221774527862	1208	1.09354381777672	0.0526315789473684	0.150943396226415	0.0562123470415191	0.150943396226415	UCEC
PTPRD	0.00202144263063912	0.0120026830416687	1208	1.70900175744979	0.0421052631578947	0.188679245283019	0.040402711561916	0.188679245283019	UCEC
PRPF8	0.00190564333579158	0.0120026830416687	1208	2.39183496246679	0.0210526315789474	0.169811320754717	0.0183645104727056	0.169811320754717	UCEC
NID2	0.00589467992431884	0.016433323552852	1208	1.34151027859316	0.0526315789473684	0.188679245283019	0.0573174052267878	0.188679245283019	UCEC
SCN10A	0.00382958831164489	0.0135749612254866	1208	1.66529836887068	0.0315789473684211	0.169811320754717	0.0372456369631585	0.169811320754717	UCEC
NALCN	0.0027942577745563	0.0135749612254866	1208	3.68296952134521	0.0105263157894737	0.207547169811321	0.00654333231763594	0.207547169811321	UCEC
KIF20B	0.00101005451872827	0.0115195847814777	1208	1.76770540216821	0.0421052631578947	0.207547169811321	0.0427997745132945	0.207547169811321	UCEC
FBN1	0.00247757153216862	0.0132752148408042	1208	1.92234301227222	0.0315789473684211	0.169811320754717	0.0290485452073119	0.169811320754717	UCEC
ROBO1	0.00204751334261447	0.0120026830416687	1208	3.7940784499139	0.0105263157894737	0.226415094339623	0.00654333231763594	0.226415094339623	UCEC
ANKRD50	0.0010042733720534	0.0115195847814777	1208	2.26116793138927	0.0421052631578947	0.188679245283019	0.0236655925965426	0.188679245283019	UCEC
SCN9A	0.000994418484363083	0.0115195847814777	1208	2.44692625577322	0.0210526315789474	0.188679245283019	0.0197328325282824	0.188679245283019	UCEC
FNDC1	0.00101471330631252	0.0115195847814777	1208	2.23334042000474	0.0315789473684211	0.188679245283019	0.0243171566278858	0.188679245283019	UCEC
CNTNAP2	0.000345047168403652	0.0101627830804638	1208	2.00759899448803	0.0421052631578947	0.226415094339623	0.0378236030133499	0.226415094339623	UCEC
TRIO	0.00100606015619627	0.0115195847814777	1208	2.2558753352327	0.0526315789473684	0.188679245283019	0.0237881896346538	0.188679245283019	UCEC
ITPR2	0.00104590556747519	0.0115354986310584	1208	2.58012980542603	0.0210526315789474	0.188679245283019	0.0173144998302773	0.188679245283019	UCEC
ITPR1	0.0217787802885707	0.0308702973883961	1208	1.1886217800754	0.0526315789473684	0.150943396226415	0.0513759340937316	0.150943396226415	UCEC
MTUS2	0.00368340820531594	0.0135749612254866	1208	2.22337698569032	0.0210526315789474	0.150943396226415	0.0188798829030354	0.150943396226415	UCEC
FRY	0.00840847344842759	0.016839016998279	1208	1.36430738907261	0.0421052631578947	0.169811320754717	0.0496764066393964	0.169811320754717	UCEC
CNTN6	0.000512487611868254	0.0108908492010707	1208	2.48562145257611	0.0210526315789474	0.207547169811321	0.0213442868749663	0.207547169811321	UCEC
LAMA3	0.00344770338821203	0.0135749612254866	1208	1.37128494896493	0.0526315789473684	0.207547169811321	0.0623239178775557	0.207547169811321	UCEC
GPRASP1	0.00872137579943259	0.0173852227347528	1208	1.35246411239233	0.0421052631578947	0.169811320754717	0.0502385031457547	0.169811320754717	UCEC
KIF5A	0.00141069514136146	0.0120026830416687	1208	1.89709789205473	0.0315789473684211	0.188679245283019	0.0337085847758044	0.188679245283019	UCEC
ADAMTS16	0.00678312000077043	0.0165234838208476	1208	1.43677954893316	0.0421052631578947	0.169811320754717	0.0463646253463366	0.169811320754717	UCEC
GOLGB1	0.00379193093652068	0.0135749612254866	1208	1.47489088895892	0.0526315789473684	0.188679245283019	0.0505218830867622	0.188679245283019	UCEC
RIMS2	0.000507249223772228	0.0108908492010707	1208	2.44008811330796	0.0315789473684211	0.207547169811321	0.0223164394284419	0.207547169811321	UCEC
SIN3A	0.00330020486240148	0.0135749612254866	1208	1.74026967504536	0.0315789473684211	0.169811320754717	0.0346486042721662	0.169811320754717	UCEC
CENPF	0.00111083209599797	0.0119825379414936	1208	2.0927559163145	0.0315789473684211	0.188679245283019	0.0278853865913894	0.188679245283019	UCEC
MYH7	0.00192047984293571	0.0120026830416687	1208	2.2690813547375	0.0315789473684211	0.169811320754717	0.0207133412058526	0.169811320754717	UCEC
TNRC6A	0.0019755623188893	0.0120026830416687	1208	2.18612246972152	0.0315789473684211	0.169811320754717	0.0224647370889818	0.169811320754717	UCEC
MYO9A	0.00333977081092442	0.0135749612254866	1208	1.73395636285762	0.0421052631578947	0.169811320754717	0.0348603939490435	0.169811320754717	UCEC
RP1	0.00230620962745446	0.0127644056669732	1208	1.65340189018259	0.0421052631578947	0.188679245283019	0.0426142812022648	0.188679245283019	UCEC
SAMD9	0.000988375804089067	0.0115195847814777	1208	2.40779616255674	0.0210526315789474	0.188679245283019	0.0205041401530475	0.188679245283019	UCEC
PLCL1	0.0002573133892368	0.0101627830804638	1208	2.47778011195668	0.0315789473684211	0.226415094339623	0.0239757266134995	0.226415094339623	UCEC
SPTB	0.00684915393856071	0.0165234838208476	1208	1.20252764081361	0.0631578947368421	0.207547169811321	0.0729453500334998	0.207547169811321	UCEC
SYNJ1	0.0161446322113585	0.0259966654588797	1208	4.11281270098128	0.0210526315789474	0.169811320754717	0.00333554605263269	0.169811320754717	UCEC
CHD5	0.00795930622562647	0.0165234838208476	1208	1.25883348950372	0.0526315789473684	0.188679245283019	0.0619515767308503	0.188679245283019	UCEC
CHD7	0.00160549256076141	0.0120026830416687	1208	1.82043924820452	0.0315789473684211	0.188679245283019	0.0362967792935283	0.188679245283019	UCEC
SPTBN2	0.0214312608072587	0.0304634384569783	1208	1.34197180052307	0.0315789473684211	0.132075471698113	0.0382466114663041	0.132075471698113	UCEC
SPTBN1	0.00128026920729704	0.0120026830416687	1208	1.67358161747707	0.0421052631578947	0.207547169811321	0.0468261293947442	0.207547169811321	UCEC
PCNT	0.00330260441286255	0.0135749612254866	1208	1.73988261672682	0.0315789473684211	0.169811320754717	0.0346615529613186	0.169811320754717	UCEC
PTPRF	0.00603422958189959	0.0165234838208476	1208	1.47864275204946	0.0421052631578947	0.169811320754717	0.0445484023849884	0.169811320754717	UCEC
MORC4	0.00186052187111183	0.0120026830416687	1208	1.74669515042114	0.0421052631578947	0.188679245283019	0.038966378398483	0.188679245283019	UCEC
PTPRZ1	0.00146634401890461	0.0120026830416687	1208	1.87315138137465	0.0315789473684211	0.188679245283019	0.0344973477680635	0.188679245283019	UCEC
REV3L	0.00243263621536194	0.0130808303253092	1208	1.93697700441841	0.0315789473684211	0.169811320754717	0.0286386298614582	0.169811320754717	UCEC
ACACB	0.00190545188557916	0.0120026830416687	1208	2.3185762218907	0.0210526315789474	0.169811320754717	0.0197328325282824	0.169811320754717	UCEC
PXDNL	0.0041096144443225	0.0137146080919864	1208	2.01904470585359	0.0421052631578947	0.150943396226415	0.0230613532821296	0.150943396226415	UCEC
DMXL2	0.0030908706957025	0.0135749612254866	1208	1.77633455180178	0.0315789473684211	0.169811320754717	0.0334623408888073	0.169811320754717	UCEC
PTPRB	0.000261640559442563	0.0101627830804638	1208	2.28914464963508	0.0315789473684211	0.226415094339623	0.0288097064372083	0.226415094339623	UCEC
HTT	0.00312327441491605	0.0135749612254866	1208	1.39749532481923	0.0526315789473684	0.207547169811321	0.060809650600985	0.207547169811321	UCEC
SIPA1L2	0.0077532680882282	0.0165234838208476	1208	1.57986576928888	0.0315789473684211	0.150943396226415	0.0353288666959037	0.150943396226415	UCEC
CR2	0.00192080452650246	0.0120026830416687	1208	2.2683347712676	0.0210526315789474	0.169811320754717	0.0207284905482929	0.169811320754717	UCEC
HEPH	0.00100280085935505	0.0115195847814777	1208	1.77082235090502	0.0421052631578947	0.207547169811321	0.0426722613499308	0.207547169811321	UCEC
UTP20	0.0104361803132632	0.0198853322236327	1208	1.45033449836774	0.0421052631578947	0.150943396226415	0.0400191413944666	0.150943396226415	UCEC
UBR5	0.00779537154779026	0.0165234838208476	1208	3.29552291873972	0.0105263157894737	0.150943396226415	0.00654333231763594	0.150943396226415	UCEC
PCDH9	0.00515530902298084	0.0157896079406802	1208	1.5383143672999	0.0421052631578947	0.169811320754717	0.0420764634811031	0.169811320754717	UCEC
MYO15A	0.00191967490970562	0.0120026830416687	1208	2.27096255668343	0.0210526315789474	0.169811320754717	0.0206752167287976	0.169811320754717	UCEC
FMN2	0.00464203895954576	0.0148919763649122	1208	1.89544077109791	0.0421052631578947	0.150943396226415	0.0260165428677335	0.150943396226415	UCEC
MYH10	0.00803756492939971	0.0165234838208476	1208	1.37911113660607	0.0421052631578947	0.169811320754717	0.0489821822357394	0.169811320754717	UCEC
RANBP2	0.00191627830787009	0.0120026830416687	1208	2.27944612867422	0.0210526315789474	0.169811320754717	0.0205041401530475	0.169811320754717	UCEC
GNPTAB	0.00582970196514128	0.016342633894858	1208	1.73303744319159	0.0315789473684211	0.150943396226415	0.0304644004108477	0.150943396226415	UCEC
USP34	0.00177500069505847	0.0120026830416687	1208	1.76917725997331	0.0421052631578947	0.188679245283019	0.0381331394217706	0.188679245283019	UCEC
DOCK3	0.00751849437249332	0.0165234838208476	1208	1.40140693702508	0.0421052631578947	0.169811320754717	0.0479539607353216	0.169811320754717	UCEC
EPHA5	0.025035453382974	0.0348650415314965	1208	1.14458754027555	0.0526315789473684	0.150943396226415	0.0535648953638905	0.150943396226415	UCEC
BCORL1	0.000257487686812772	0.0101627830804638	1208	2.33594112880002	0.0421052631578947	0.226415094339623	0.0275288317382108	0.226415094339623	UCEC
NCAM2	0.00699280434782643	0.0165234838208476	1208	1.63171192165584	0.0315789473684211	0.150943396226415	0.0336038607111196	0.150943396226415	UCEC
GLI3	0.0054586351165319	0.0158007618028347	1208	1.77460646537366	0.0315789473684211	0.150943396226415	0.0292602800118185	0.150943396226415	UCEC
HIVEP1	0.0035931027549707	0.0135749612254866	1208	1.49247325882829	0.0421052631578947	0.188679245283019	0.0496851015023107	0.188679245283019	UCEC
SORCS1	0.00307260948021676	0.0135749612254866	1208	3.0331423316909	0.0210526315789474	0.169811320754717	0.0097556281499783	0.169811320754717	UCEC
DNAH6	0.00779537154779023	0.0165234838208476	1208	3.29552291873972	0.0105263157894737	0.150943396226415	0.00654333231763594	0.150943396226415	UCEC
TMEM131	0.00829916545463932	0.0167510798148676	1208	1.36858011560505	0.0421052631578947	0.169811320754717	0.0494750846090055	0.169811320754717	UCEC
BPTF	0.0181787424027898	0.0266421724254272	1208	1.24775662738906	0.0421052631578947	0.150943396226415	0.048569190534869	0.150943396226415	UCEC
UNC13C	0.000994418484363083	0.0115195847814777	1208	2.44692625577322	0.0210526315789474	0.188679245283019	0.0197328325282824	0.188679245283019	UCEC
F8	0.00454163493378926	0.0146946689185344	1208	1.91470189823673	0.0210526315789474	0.150943396226415	0.0255329023506879	0.150943396226415	UCEC
GPR158	0.00890405777423826	0.0176330685411193	1208	1.34580047852249	0.0421052631578947	0.169811320754717	0.050557410345966	0.169811320754717	UCEC
SAMD9L	0.0188733752999488	0.0272896364384905	1208	1.39621377065227	0.0421052631578947	0.132075471698113	0.0363006008638036	0.132075471698113	UCEC
PDZD2	0.00117367016236999	0.0119825379414936	1208	2.74101005986968	0.0526315789473684	0.188679245283019	0.0147794884337614	0.188679245283019	UCEC
STAG2	0.00203739684126407	0.0120026830416687	1208	2.12922050914684	0.0421052631578947	0.169811320754717	0.0237488547545834	0.169811320754717	UCEC
MYPN	0.00746725689030042	0.0165234838208476	1208	1.59880452355704	0.0315789473684211	0.150943396226415	0.0346890744637855	0.150943396226415	UCEC
ZEB2	0.00140493933013363	0.0120026830416687	1208	1.64005211501016	0.0421052631578947	0.207547169811321	0.0483456123029185	0.207547169811321	UCEC
KIAA0430	0.000967835309552527	0.0115195847814777	1208	1.78631557314151	0.0421052631578947	0.207547169811321	0.0420438077668528	0.207547169811321	UCEC
POLQ	0.00190581407204213	0.0120026830416687	1208	2.39263545588101	0.0210526315789474	0.169811320754717	0.0183500853402776	0.169811320754717	UCEC
FRAS1	0.000519768481540904	0.0108908492010707	1208	2.52589299938224	0.0210526315789474	0.207547169811321	0.0205190845651579	0.207547169811321	UCEC
NRK	0.000524034899060974	0.0108908492010707	1208	2.54475374279905	0.0315789473684211	0.207547169811321	0.0201434286916944	0.207547169811321	UCEC
LCT	0.00236436029059278	0.012868713445403	1208	1.64339795708226	0.0421052631578947	0.188679245283019	0.0430242974548339	0.188679245283019	UCEC
ATP11C	0.00663206542161027	0.0165234838208476	1208	1.30842380608092	0.0421052631578947	0.188679245283019	0.0591315433246254	0.188679245283019	UCEC
PCDHA9	0.0153298122730328	0.0252874960093369	1208	1.1827555811846	0.0631578947368421	0.169811320754717	0.0589825171575264	0.169811320754717	UCEC
TIAM1	0.0180437947749163	0.0265473942598817	1208	1.13719577372079	0.0526315789473684	0.169811320754717	0.0615626449478227	0.169811320754717	UCEC
LRP6	0.00486330209713868	0.0154055544418796	1208	1.85724672868317	0.0526315789473684	0.150943396226415	0.0270020896582388	0.150943396226415	UCEC
AKAP13	0.0141624852402061	0.0238301950979414	1208	1.20536163321865	0.0526315789473684	0.169811320754717	0.0577402383491522	0.169811320754717	UCEC
RB1	0.0382610076246067	0.0485410432584221	1208	1.01692314147911	0.0526315789473684	0.150943396226415	0.060418223219041	0.150943396226415	UCEC
CEP350	0.00205781156023622	0.0120052249711078	1208	2.11385373112045	0.0315789473684211	0.169811320754717	0.0241077506447508	0.169811320754717	UCEC
DENND4A	0.0133487287405924	0.0229464495188113	1208	1.3557220708058	0.0421052631578947	0.150943396226415	0.0438163473302262	0.150943396226415	UCEC
SDK2	0.000988301349758325	0.0115195847814777	1208	2.40705232216771	0.0210526315789474	0.188679245283019	0.0205190845651579	0.188679245283019	UCEC
IGF2R	0.00782681338112832	0.0165234838208476	1208	1.57540746857933	0.0315789473684211	0.150943396226415	0.0354811243391778	0.150943396226415	UCEC
PTPN13	0.00708303644171988	0.0165234838208476	1208	1.42175081911685	0.0526315789473684	0.169811320754717	0.0470336684972591	0.169811320754717	UCEC
TSHZ3	0.00319075106250248	0.0135749612254866	1208	1.75853348399461	0.0315789473684211	0.169811320754717	0.0340428798995368	0.169811320754717	UCEC
COL4A6	0.00262298351557581	0.0135749612254866	1208	3.33881852366693	0.0210526315789474	0.188679245283019	0.0081833752616465	0.188679245283019	UCEC
SRRM2	0.00279425777455627	0.0135749612254866	1208	3.68296952134521	0.0105263157894737	0.207547169811321	0.00654333231763594	0.207547169811321	UCEC
CHD6	0.000995412573654098	0.0115195847814777	1208	2.45157798005953	0.0210526315789474	0.188679245283019	0.019643052875708	0.188679245283019	UCEC
CHD8	0.00761669908829906	0.0165234838208476	1208	1.39703512246644	0.0421052631578947	0.169811320754717	0.0481539481248754	0.169811320754717	UCEC
VPS13C	0.00883449870685336	0.0175412976952108	1208	1.34831682216562	0.0421052631578947	0.169811320754717	0.0504367589458195	0.169811320754717	UCEC
ALPK2	0.00563720062934091	0.0161606219759178	1208	1.75385364033646	0.0315789473684211	0.150943396226415	0.0298555394948146	0.150943396226415	UCEC
ZC3H13	0.00333587739554563	0.0135749612254866	1208	1.73457119222118	0.0315789473684211	0.169811320754717	0.0348397138395787	0.169811320754717	UCEC
SYCP2	0.0119681395228863	0.0211033654684159	1208	1.25458888777356	0.0526315789473684	0.169811320754717	0.0551195502320768	0.169811320754717	UCEC
TRANK1	0.00330903188950109	0.0135749612254866	1208	1.73884852260798	0.0315789473684211	0.169811320754717	0.0346961705396886	0.169811320754717	UCEC
TECTA	0.00601331566923961	0.0165234838208476	1208	1.47992640033296	0.0315789473684211	0.169811320754717	0.0444937973502678	0.169811320754717	UCEC
LRBA	0.00204936275885348	0.0120026830416687	1208	2.6058788466965	0.0210526315789474	0.169811320754717	0.0148785553086843	0.169811320754717	UCEC
ACACA	0.0134530504084697	0.0230004193954132	1208	1.35287909764548	0.0315789473684211	0.150943396226415	0.0439356125352595	0.150943396226415	UCEC
CIT	0.00402884529833532	0.0135749612254866	1208	2.04465579223072	0.0315789473684211	0.150943396226415	0.0224913414161181	0.150943396226415	UCEC
KIF14	0.0014650697810798	0.0120026830416687	1208	1.87367557989456	0.0315789473684211	0.188679245283019	0.0344798924005695	0.188679245283019	UCEC
EIF4G3	0.00876032321978969	0.0174398529447987	1208	1.35102843511969	0.0421052631578947	0.169811320754717	0.0503070501572782	0.169811320754717	UCEC
FAM47A	0.00204725831095181	0.0120026830416687	1208	2.12164203977059	0.0315789473684211	0.169811320754717	0.0239251960217155	0.169811320754717	UCEC
ASCC3	0.00782681338112831	0.0165234838208476	1208	1.57540746857933	0.0315789473684211	0.150943396226415	0.0354811243391778	0.150943396226415	UCEC
BSN	0.00216473977189536	0.0121166554860697	1208	2.04822657246472	0.0315789473684211	0.169811320754717	0.0257009175503743	0.169811320754717	UCEC
RIF1	0.00194005819820752	0.0120026830416687	1208	2.23233207325725	0.0210526315789474	0.169811320754717	0.0214720527506721	0.169811320754717	UCEC
ANKRD17	0.00142403611810343	0.0120026830416687	1208	1.89115113600342	0.0315789473684211	0.188679245283019	0.03390282242691	0.188679245283019	UCEC
TNIK	0.00757545127277934	0.0165234838208476	1208	1.5918001988631	0.0315789473684211	0.150943396226415	0.034924385438264	0.150943396226415	UCEC
GRIN2A	0.00192047943777552	0.0120026830416687	1208	2.26908229090973	0.0210526315789474	0.169811320754717	0.0207133222162635	0.169811320754717	UCEC
VWF	0.00316885450823649	0.0135749612254866	1208	1.76233809525351	0.0315789473684211	0.169811320754717	0.0339179907589393	0.169811320754717	UCEC
CAD	0.0013543862099464	0.0120026830416687	1208	1.6530858219196	0.0421052631578947	0.207547169811321	0.0477494711694956	0.207547169811321	UCEC
DOCK2	0.00344880280321885	0.0135749612254866	1208	1.71628739126555	0.0315789473684211	0.169811320754717	0.0354597747596892	0.169811320754717	UCEC
DOCK7	0.000986575590942428	0.0115195847814777	1208	2.37729353912576	0.0210526315789474	0.188679245283019	0.0211257903034078	0.188679245283019	UCEC
HECTD1	0.00110440188819045	0.0119825379414936	1208	2.66542750764296	0.0105263157894737	0.188679245283019	0.0159213857817568	0.188679245283019	UCEC
SCN7A	0.000519926365057949	0.0108908492010707	1208	2.52663683977126	0.0210526315789474	0.207547169811321	0.0205041401530475	0.207547169811321	UCEC
COL22A1	0.000505461830782703	0.0108908492010707	1208	2.37107022152786	0.0315789473684211	0.207547169811321	0.0238730004799426	0.207547169811321	UCEC
MXRA5	0.00132095318517619	0.0120026830416687	1208	1.94115449580666	0.0315789473684211	0.188679245283019	0.0323026685904067	0.188679245283019	UCEC
UHRF1BP1L	0.00112548578101898	0.0119825379414936	1208	2.07824553856466	0.0210526315789474	0.188679245283019	0.0282814371098323	0.188679245283019	UCEC
HEATR7B2	0.00098747539415382	0.0115195847814777	1208	2.39743138862002	0.0315789473684211	0.188679245283019	0.0207133412058526	0.188679245283019	UCEC
SCN1A	0.0103873537047471	0.0198172871816576	1208	1.29743883696929	0.0421052631578947	0.169811320754717	0.0529299412747379	0.169811320754717	UCEC
CTNND1	0.00755316318217037	0.0165234838208476	1208	2.02035214657387	0.0210526315789474	0.132075471698113	0.0197804326546431	0.132075471698113	UCEC
CPAMD8	0.000325333110884664	0.0101627830804638	1208	2.04671447634674	0.0315789473684211	0.226415094339623	0.0364255259348044	0.226415094339623	UCEC
FAM135A	0.00824453225198985	0.0167214607151096	1208	1.55129957522281	0.0421052631578947	0.150943396226415	0.0363154538705854	0.150943396226415	UCEC
CELSR3	0.00814803827622069	0.0165925685112796	1208	1.55670528158053	0.0315789473684211	0.150943396226415	0.0361267457002252	0.150943396226415	UCEC
CACNA1B	0.00782613870775869	0.0165234838208476	1208	1.57544792987372	0.0315789473684211	0.150943396226415	0.0354797396859119	0.150943396226415	UCEC
COL6A3	0.00348320398965443	0.0135749612254866	1208	1.71127288065087	0.0315789473684211	0.169811320754717	0.0356316833577087	0.169811320754717	UCEC
COL6A6	0.0036288057664471	0.0135749612254866	1208	2.36031492477934	0.0210526315789474	0.150943396226415	0.0165035925754361	0.150943396226415	UCEC
SETX	0.00192047943777551	0.0120026830416687	1208	2.26908229090973	0.0210526315789474	0.169811320754717	0.0207133222162635	0.169811320754717	UCEC
C20orf26	0.00962206726653805	0.0184738801013202	1208	1.20903834294337	0.0526315789473684	0.188679245283019	0.0649092546881268	0.188679245283019	UCEC
HCFC1	0.0131285826007602	0.0226194849598047	1208	2.14824147203371	0.0315789473684211	0.113207547169811	0.0146778410156357	0.113207547169811	UCEC
FLNC	0.014550004305706	0.0242660667835781	1208	1.94175356571041	0.0631578947368421	0.113207547169811	0.0179837072310491	0.113207547169811	UCEC
C2orf16	0.00357416620097824	0.0135749612254866	1208	1.49421662445853	0.0421052631578947	0.188679245283019	0.0496028504847113	0.188679245283019	UCEC
LAMA1	0.0159911497069955	0.0258977783572028	1208	1.29138792583243	0.0421052631578947	0.150943396226415	0.0465922312126298	0.150943396226415	UCEC
F5	0.00344989322146268	0.0135749612254866	1208	1.7161270168298	0.0315789473684211	0.169811320754717	0.0354652603656882	0.169811320754717	UCEC
KIF1B	0.0112963252219619	0.0204827867114455	1208	1.6619224231887	0.0315789473684211	0.132075471698113	0.0280680555193308	0.132075471698113	UCEC
MYO10	0.00913345806551997	0.0179367923792756	1208	1.33767610886912	0.0526315789473684	0.169811320754717	0.0509488181771382	0.169811320754717	UCEC
DOCK10	0.00932268757291758	0.0181061451448309	1208	1.79802167938978	0.0315789473684211	0.132075471698113	0.0245843667705574	0.132075471698113	UCEC
SON	0.00538646037111062	0.0157896079406802	1208	1.78343901308294	0.0315789473684211	0.150943396226415	0.029010439719846	0.150943396226415	UCEC
GRM1	0.00146812505747553	0.0120026830416687	1208	1.87242044266194	0.0421052631578947	0.188679245283019	0.0345217016344038	0.188679245283019	UCEC
ANK2	0.00619893272150641	0.0165234838208476	1208	1.6968744082098	0.0315789473684211	0.150943396226415	0.0315508527899828	0.150943396226415	UCEC
CDH7	0.00572398972166169	0.016276475414812	1208	1.34990251280068	0.0526315789473684	0.188679245283019	0.0568656360359724	0.188679245283019	UCEC
PDE4DIP	0.00279425777455627	0.0135749612254866	1208	3.68296952134521	0.0105263157894737	0.207547169811321	0.00654333231763594	0.207547169811321	UCEC
PLXNC1	0.00488086904923907	0.0154288559276155	1208	1.56012378110082	0.0315789473684211	0.169811320754717	0.0412061388518596	0.169811320754717	UCEC
ABCA1	0.00841303743289767	0.016839016998279	1208	1.89035714360266	0.0210526315789474	0.132075471698113	0.0224647180993928	0.132075471698113	UCEC
SORL1	0.00791869168142469	0.0165234838208476	1208	1.56993280995288	0.0315789473684211	0.150943396226415	0.0356689568229053	0.150943396226415	UCEC
SRCAP	0.00786163192759354	0.0165234838208476	1208	1.96591506685421	0.0315789473684211	0.132075471698113	0.0208639805816457	0.132075471698113	UCEC
PLXNA2	0.0224075554943896	0.0316132739047831	1208	1.32360824937788	0.0421052631578947	0.132075471698113	0.0389278505458709	0.132075471698113	UCEC
NUP98	0.0159706314991839	0.0258977783572028	1208	1.47344057267407	0.0315789473684211	0.132075471698113	0.033693640363694	0.132075471698113	UCEC
COL7A1	0.0161857027886715	0.0259966654588797	1208	1.46703491126915	0.0315789473684211	0.132075471698113	0.03390282242691	0.132075471698113	UCEC
ATP1A4	0.00170045263269129	0.0120026830416687	1208	1.79052834380651	0.0315789473684211	0.188679245283019	0.0373576790926424	0.188679245283019	UCEC
NRXN3	0.00345305008994913	0.0135749612254866	1208	1.71566336008778	0.0315789473684211	0.169811320754717	0.0354811243391778	0.169811320754717	UCEC
MYT1L	0.0031645314584292	0.0135749612254866	1208	1.76309553871664	0.0315789473684211	0.169811320754717	0.0338931799444806	0.169811320754717	UCEC
ARHGAP21	0.00775339851280825	0.0165234838208476	1208	1.98367993782248	0.0210526315789474	0.132075471698113	0.0205041401530475	0.132075471698113	UCEC
CCDC144A	0.0176742282381928	0.0263110924806988	1208	1.42606788976427	0.0315789473684211	0.132075471698113	0.0352705576226959	0.132075471698113	UCEC
CNTNAP4	0.00135390373990265	0.0120026830416687	1208	1.92407988724856	0.0315789473684211	0.188679245283019	0.032840690738447	0.188679245283019	UCEC
LRRIQ1	0.00449626334444984	0.0146419265376373	1208	1.92387665171803	0.0421052631578947	0.150943396226415	0.0253056165509642	0.150943396226415	UCEC
MON2	0.000694979147160827	0.0115195847814777	1208	1.95947757168606	0.0315789473684211	0.207547169811321	0.0355968572504404	0.207547169811321	UCEC
NKTR	0.0279201922260989	0.0373339915518897	1208	1.11093649937956	0.0421052631578947	0.150943396226415	0.0552967120231736	0.150943396226415	UCEC
ADCY8	0.0144433306455094	0.0241681867169045	1208	1.32719611827177	0.0526315789473684	0.150943396226415	0.0450271585644954	0.150943396226415	UCEC
ODZ2	0.0120935559073627	0.021297625846183	1208	1.39258672420707	0.0421052631578947	0.150943396226415	0.0422975615809163	0.150943396226415	UCEC
PTPRS	0.0175604350005155	0.0262451209552709	1208	1.25938381925292	0.0421052631578947	0.150943396226415	0.0480347068380717	0.150943396226415	UCEC
CLTCL1	0.0135905398620075	0.0230993315314885	1208	1.55510960932839	0.0421052631578947	0.132075471698113	0.031133547203028	0.132075471698113	UCEC
HDLBP	0.0178379709951404	0.0263644254046805	1208	1.42130839611642	0.0315789473684211	0.132075471698113	0.0354328605860837	0.132075471698113	UCEC
RGPD3	0.00380250143353818	0.0135749612254866	1208	2.13919023716578	0.0210526315789474	0.150943396226415	0.0205041401530475	0.150943396226415	UCEC
SMARCA1	0.00216512043761669	0.0121166554860697	1208	2.0480277234177	0.0210526315789474	0.169811320754717	0.0257058972758668	0.169811320754717	UCEC
ZFAT	0.00382370547630546	0.0135749612254866	1208	2.12807887975916	0.0210526315789474	0.150943396226415	0.0207284905482929	0.150943396226415	UCEC
MYH11	0.00391541674427524	0.0135749612254866	1208	3.21502821681475	0.0210526315789474	0.169811320754717	0.00814644952981428	0.169811320754717	UCEC
FAM47B	0.00386487068105956	0.0135749612254866	1208	3.56412884413069	0.0105263157894737	0.188679245283019	0.00654333231763594	0.188679245283019	UCEC
TAB3	0.0164911859973724	0.0261111314507488	1208	1.79765827883753	0.0315789473684211	0.113207547169811	0.0207133412058526	0.113207547169811	UCEC
HCN1	0.00729462137302848	0.0165234838208476	1208	1.61034716364601	0.0315789473684211	0.150943396226415	0.0343046296783395	0.150943396226415	UCEC
ROBO2	0.00365285126587959	0.0135749612254866	1208	2.25995727240685	0.0315789473684211	0.150943396226415	0.018214082371728	0.150943396226415	UCEC
ANKRD11	0.0019168944248374	0.0120026830416687	1208	2.27783413934267	0.0210526315789474	0.169811320754717	0.020536539932652	0.169811320754717	UCEC
PRUNE2	0.00398959990792527	0.0135749612254866	1208	1.45860513696722	0.0421052631578947	0.188679245283019	0.0513088444456246	0.188679245283019	UCEC
THADA	0.00363119748274214	0.0135749612254866	1208	1.69064548925002	0.0526315789473684	0.169811320754717	0.0363473133668298	0.169811320754717	UCEC
MYH8	0.0277827399850554	0.0372160639338818	1208	1.23896905758579	0.0421052631578947	0.132075471698113	0.0422209602779206	0.132075471698113	UCEC
MYOM2	0.00309968923461817	0.0135749612254866	1208	3.04018342465877	0.0210526315789474	0.169811320754717	0.00968784224928567	0.169811320754717	UCEC
ABCB5	0.000526162800581179	0.0108908492010707	1208	2.23184822777537	0.0210526315789474	0.207547169811321	0.0273416270261257	0.207547169811321	UCEC
ARFGEF2	0.00832565250891168	0.0167510798148676	1208	1.36753579195986	0.0526315789473684	0.169811320754717	0.0495242194403315	0.169811320754717	UCEC
NYNRIN	0.00117233466677169	0.0119825379414936	1208	2.7395369133972	0.0105263157894737	0.188679245283019	0.0148009545573304	0.188679245283019	UCEC
NBEAL2	0.00610106199474947	0.0165234838208476	1208	1.70602834837526	0.0421052631578947	0.150943396226415	0.0312723467408967	0.150943396226415	UCEC
SRRT	0.0177464719376895	0.0263644254046805	1208	1.42421429796646	0.0421052631578947	0.132075471698113	0.0353336833077045	0.132075471698113	UCEC
PCDH19	0.00696104806398952	0.0165234838208476	1208	1.63405482470819	0.0421052631578947	0.150943396226415	0.033527858858577	0.150943396226415	UCEC
TEX15	0.00380250143353816	0.0135749612254866	1208	2.13919023716578	0.0210526315789474	0.150943396226415	0.0205041401530475	0.150943396226415	UCEC
TEX10	0.00749766344874008	0.0165234838208476	1208	1.40234398793967	0.0421052631578947	0.169811320754717	0.0479111983739554	0.169811320754717	UCEC
NCKAP5	0.0217651202703001	0.0308702973883961	1208	1.18882384514572	0.0421052631578947	0.150943396226415	0.0513660870544147	0.150943396226415	UCEC
FREM1	0.00069690694235439	0.0115195847814777	1208	1.95772094792879	0.0315789473684211	0.207547169811321	0.0356572109813291	0.207547169811321	UCEC
MED12L	0.00148046944761218	0.0120026830416687	1208	1.867410448948	0.0315789473684211	0.188679245283019	0.0346890744637855	0.188679245283019	UCEC
ATRNL1	0.00382223643347761	0.0135749612254866	1208	2.12882639940129	0.0210526315789474	0.150943396226415	0.0207133222162635	0.150943396226415	UCEC
ALG13	0.0211565094264469	0.0302150148803036	1208	1.34734105983658	0.0421052631578947	0.132075471698113	0.0380495983364862	0.132075471698113	UCEC
CCNB3	0.00191627830787009	0.0120026830416687	1208	2.27944612867422	0.0210526315789474	0.169811320754717	0.0205041401530475	0.169811320754717	UCEC
KNTC1	0.0184738983204199	0.0269440737086433	1208	1.24238023240136	0.0421052631578947	0.150943396226415	0.048818238815252	0.150943396226415	UCEC
TRPA1	0.00783218300726909	0.0165234838208476	1208	1.57508462206316	0.0315789473684211	0.150943396226415	0.0354921745392937	0.150943396226415	UCEC
MAP7D2	0.00238314670118687	0.012868713445403	1208	1.95411616857445	0.0315789473684211	0.169811320754717	0.0281656771697546	0.169811320754717	UCEC
TDRD6	0.00830193576021159	0.0167510798148676	1208	1.54815894517256	0.0315789473684211	0.150943396226415	0.0364255259348044	0.150943396226415	UCEC
DYSF	0.00711957076365824	0.0165234838208476	1208	1.62254463083839	0.0421052631578947	0.150943396226415	0.033902841416499	0.150943396226415	UCEC
ROS1	0.000988301349758325	0.0115195847814777	1208	2.40705232216771	0.0210526315789474	0.188679245283019	0.0205190845651579	0.188679245283019	UCEC
KCND2	0.0056413517131823	0.0161606219759178	1208	1.75338850074204	0.0315789473684211	0.150943396226415	0.0298690148312434	0.150943396226415	UCEC
MAGEC1	0.0389441084946184	0.0492835409843956	1208	1.11624525020203	0.0421052631578947	0.132075471698113	0.0474721329476894	0.132075471698113	UCEC
CDH19	0.00309968923461817	0.0135749612254866	1208	3.04018342465877	0.0210526315789474	0.169811320754717	0.00968784224928567	0.169811320754717	UCEC
TCF20	0.00279425777455627	0.0135749612254866	1208	3.68296952134521	0.0105263157894737	0.207547169811321	0.00654333231763594	0.207547169811321	UCEC
NRAP	0.0187753278501769	0.0271738700973346	1208	1.39851543680357	0.0315789473684211	0.132075471698113	0.0362201679666626	0.132075471698113	UCEC
GON4L	0.0394511358120514	0.0496256992790872	1208	1.26359207474052	0.0421052631578947	0.113207547169811	0.0348247884170573	0.113207547169811	UCEC
FAM123B	0.00337653188027856	0.0135749612254866	1208	1.72712738314829	0.0315789473684211	0.169811320754717	0.035090881715215	0.169811320754717	UCEC
CYLC1	0.0274424687837353	0.037002176821469	1208	1.2436697095272	0.0315789473684211	0.132075471698113	0.0420312822071583	0.132075471698113	UCEC
MLL5	0.00703056085865428	0.0165234838208476	1208	1.62895087201737	0.0315789473684211	0.150943396226415	0.033693640363694	0.150943396226415	UCEC
ADAMTS12	0.00331095882929957	0.0135749612254866	1208	1.73853926386303	0.0315789473684211	0.169811320754717	0.0347065298312796	0.169811320754717	UCEC
ADAMTS19	0.0151190230832041	0.0249943587294545	1208	1.50021989890295	0.0315789473684211	0.132075471698113	0.0328325530863545	0.132075471698113	UCEC
MED13	0.00781561647576685	0.0165234838208476	1208	1.97331610005799	0.0210526315789474	0.132075471698113	0.0207133222162635	0.132075471698113	UCEC
NEBL	0.000988375804089063	0.0115195847814777	1208	2.40779616255674	0.0210526315789474	0.188679245283019	0.0205041401530475	0.188679245283019	UCEC
SULF1	0.00386487068105962	0.0135749612254866	1208	3.56412884413069	0.0105263157894737	0.188679245283019	0.00654333231763594	0.188679245283019	UCEC
SLIT2	0.00342291528762206	0.0135749612254866	1208	1.72012166079732	0.0315789473684211	0.169811320754717	0.0353288666959037	0.169811320754717	UCEC
SEMA6D	0.00398309668023294	0.0135749612254866	1208	2.06056643647498	0.0315789473684211	0.150943396226415	0.0221441830970581	0.150943396226415	UCEC
DNAJC13	0.00803218336755312	0.0165234838208476	1208	2.74441723380703	0.0210526315789474	0.132075471698113	0.00968784224928567	0.132075471698113	UCEC
MLL	0.000740969672839203	0.0115195847814777	1208	1.92061480182985	0.0315789473684211	0.207547169811321	0.0369553544029434	0.207547169811321	UCEC
ZDBF2	0.021835749706026	0.0309220410551127	1208	1.18778540268942	0.0421052631578947	0.150943396226415	0.0514167114561518	0.150943396226415	UCEC
ZNF208	0.00774186038521178	0.0165234838208476	1208	1.58056351376258	0.0315789473684211	0.150943396226415	0.0353050947103779	0.150943396226415	UCEC
DNER	0.0200934199587137	0.028887875887361	1208	1.21467325474719	0.0421052631578947	0.150943396226415	0.0501210153652557	0.150943396226415	UCEC
KCNQ3	0.0235378169868108	0.033084317643787	1208	1.16392710906662	0.0421052631578947	0.150943396226415	0.0525928849356703	0.150943396226415	UCEC
JAG1	0.00394719954991695	0.0135749612254866	1208	1.65126374184384	0.0526315789473684	0.169811320754717	0.0377521779341289	0.169811320754717	UCEC
DOPEY2	0.0174212471448039	0.0261111314507488	1208	2.9643557343482	0.0105263157894737	0.113207547169811	0.00654333231763594	0.113207547169811	UCEC
DOPEY1	0.00357681734306717	0.0135749612254866	1208	1.69805991249113	0.0315789473684211	0.169811320754717	0.0360885051588383	0.169811320754717	UCEC
MYH4	0.000987045552944358	0.0115195847814777	1208	2.39066507154903	0.0210526315789474	0.188679245283019	0.0208510372273536	0.188679245283019	UCEC
EPHB1	0.00721297334169268	0.0165234838208476	1208	1.61597207939526	0.0315789473684211	0.150943396226415	0.0341187758040272	0.150943396226415	UCEC
NWD1	0.0163446937034651	0.0259966654588797	1208	1.80641011938216	0.0315789473684211	0.113207547169811	0.020536558922241	0.113207547169811	UCEC
PHIP	0.00782681338112831	0.0165234838208476	1208	1.57540746857933	0.0315789473684211	0.150943396226415	0.0354811243391778	0.150943396226415	UCEC
ABCA4	0.00709076797389746	0.0165234838208476	1208	1.62460207869023	0.0315789473684211	0.150943396226415	0.0338355175096772	0.150943396226415	UCEC
ABCA9	0.00101681880527791	0.0115195847814777	1208	2.52018499634932	0.0210526315789474	0.188679245283019	0.0183645104727056	0.188679245283019	UCEC
TNRC6B	0.0205662824880677	0.0294555951085026	1208	1.20710132016317	0.0421052631578947	0.150943396226415	0.0504827373001657	0.150943396226415	UCEC
PLXNA1	0.0136595700818976	0.0231905734761205	1208	2.57939358541862	0.0315789473684211	0.113207547169811	0.00958635716408544	0.113207547169811	UCEC
PEG3	0.000987013891661725	0.0115195847814777	1208	2.39003222114447	0.0210526315789474	0.188679245283019	0.0208639615920567	0.188679245283019	UCEC
ABCC2	0.00543388228269602	0.0157896079406802	1208	3.43577881024816	0.0105263157894737	0.169811320754717	0.00654333231763594	0.169811320754717	UCEC
GOLGA4	0.0184298809328872	0.0269058454971908	1208	1.24317517228782	0.0421052631578947	0.150943396226415	0.0487813390029085	0.150943396226415	UCEC
DENND4C	0.000511601625769936	0.0108908492010707	1208	2.4795227843543	0.0210526315789474	0.207547169811321	0.0214720527506721	0.207547169811321	UCEC
COL4A3	0.00585928048349555	0.0163648295943841	1208	1.72996788106802	0.0315789473684211	0.150943396226415	0.0305551947699724	0.150943396226415	UCEC
ATP1A2	0.0029833030963567	0.0135749612254866	1208	1.79689657125975	0.0421052631578947	0.169811320754717	0.0328036534260995	0.169811320754717	UCEC
KDM3B	0.00765116945175913	0.0165234838208476	1208	1.58699817206437	0.0315789473684211	0.150943396226415	0.0350865981388193	0.150943396226415	UCEC
PTPN14	0.000986572465165592	0.0115195847814777	1208	2.3656433644007	0.0210526315789474	0.188679245283019	0.0213680588604921	0.188679245283019	UCEC
INPPL1	0.0326194620369238	0.0428964378918989	1208	1.17934387424186	0.0315789473684211	0.132075471698113	0.0446990093310467	0.132075471698113	UCEC
ARHGAP20	0.0141605910815455	0.0238301950979414	1208	1.53347067509991	0.0315789473684211	0.132075471698113	0.0317929336671252	0.132075471698113	UCEC
CHD9	0.00329787611103337	0.0135749612254866	1208	1.74064583746547	0.0315789473684211	0.169811320754717	0.0346360245642092	0.169811320754717	UCEC
GRIN2B	0.0054257048470629	0.0157896079406802	1208	1.77860304268739	0.0210526315789474	0.150943396226415	0.0291469740847579	0.150943396226415	UCEC
SBF2	0.00428653546422858	0.0140501084812993	1208	1.97103246333879	0.0210526315789474	0.150943396226415	0.0241681788819959	0.150943396226415	UCEC
SMC1A	0.00868946933745076	0.0173445022046078	1208	1.85905920364606	0.0315789473684211	0.132075471698113	0.0231623929774882	0.132075471698113	UCEC
TMEM132B	0.00941201738108071	0.0181821031960621	1208	1.4930440988741	0.0526315789473684	0.150943396226415	0.0384101926931558	0.150943396226415	UCEC
TANC2	0.00775339851280827	0.0165234838208476	1208	1.98367993782248	0.0210526315789474	0.132075471698113	0.0205041401530475	0.132075471698113	UCEC
SPEG	0.00267858905856696	0.0135749612254866	1208	1.86531079410209	0.0315789473684211	0.169811320754717	0.0307010610581051	0.169811320754717	UCEC
ZFYVE26	0.00318781492406071	0.0135749612254866	1208	1.75904056006899	0.0315789473684211	0.169811320754717	0.0340262091683065	0.169811320754717	UCEC
GNAS	0.000286666817226857	0.0101627830804638	1208	2.67687586155643	0.0210526315789474	0.226415094339623	0.0197328325282824	0.226415094339623	UCEC
ZNFX1	0.0248789333797009	0.03467902983093	1208	1.14654410905166	0.0421052631578947	0.150943396226415	0.053465792342547	0.150943396226415	UCEC
ZNF334	0.0154685282179356	0.0254330208240486	1208	1.48894291971207	0.0315789473684211	0.132075471698113	0.033192541474637	0.132075471698113	UCEC
LAMB4	0.000990546196814458	0.0115195847814777	1208	2.42517670008956	0.0210526315789474	0.188679245283019	0.0201579679686156	0.188679245283019	UCEC
MBD5	0.0371295495178666	0.0474642549251238	1208	1.29137802622093	0.0315789473684211	0.113207547169811	0.03390282242691	0.113207547169811	UCEC
KIT	0.0077953715477903	0.0165234838208476	1208	3.29552291873972	0.0105263157894737	0.150943396226415	0.00654333231763594	0.150943396226415	UCEC
L1CAM	0.0038025014335382	0.0135749612254866	1208	2.13919023716578	0.0210526315789474	0.150943396226415	0.0205041401530475	0.150943396226415	UCEC
BDP1	0.00213459170710054	0.0121166554860697	1208	2.67047690600717	0.0105263157894737	0.169811320754717	0.0139608078354116	0.169811320754717	UCEC
CIC	0.00423074166534077	0.0140189707375656	1208	1.98518467101292	0.0315789473684211	0.150943396226415	0.0238366501827037	0.150943396226415	UCEC
PDCD11	0.00380387884639191	0.0135749612254866	1208	2.13844639677675	0.0210526315789474	0.150943396226415	0.0205190845651579	0.150943396226415	UCEC
NPHP4	0.0377941381433323	0.0480293883385829	1208	1.55753222378194	0.0421052631578947	0.0943396226415094	0.0214720907298502	0.0943396226415094	UCEC
SLITRK4	0.00775340407237707	0.0165234838208476	1208	1.98367899230144	0.0315789473684211	0.132075471698113	0.0205041591426365	0.132075471698113	UCEC
KIF4A	0.0172548656766997	0.0261111314507488	1208	1.43705876192367	0.0315789473684211	0.132075471698113	0.0348984804469205	0.132075471698113	UCEC
SMARCA2	0.00541614850375833	0.0157896079406802	1208	1.7797732430385	0.0210526315789474	0.150943396226415	0.0291138786636931	0.150943396226415	UCEC
COL1A2	0.0163303871047652	0.0259966654588797	1208	1.80727826753841	0.0315789473684211	0.113207547169811	0.0205191035547469	0.113207547169811	UCEC
NID1	0.00426616984760985	0.0140439708926764	1208	1.97610443812861	0.0315789473684211	0.150943396226415	0.0240488492793072	0.150943396226415	UCEC
IRS4	0.00454024504614813	0.0146946689185344	1208	1.91497730747729	0.0210526315789474	0.150943396226415	0.025526050796046	0.150943396226415	UCEC
ATP10B	0.00306166005761543	0.0135749612254866	1208	1.78176717354441	0.0315789473684211	0.169811320754717	0.0332870803410828	0.169811320754717	UCEC
AFF2	0.00158786220406704	0.0120026830416687	1208	1.82638793924837	0.0315789473684211	0.188679245283019	0.0360892708204011	0.188679245283019	UCEC
MLH3	0.0037382875048233	0.0135749612254866	1208	2.17832033038226	0.0210526315789474	0.150943396226415	0.0197328325282824	0.150943396226415	UCEC
NUP205	0.0256066464374882	0.0353989065239324	1208	1.13757284605163	0.0421052631578947	0.150943396226415	0.0539216258578884	0.150943396226415	UCEC
ARHGEF12	0.0033330678885149	0.0135749612254866	1208	1.73501571560482	0.0315789473684211	0.169811320754717	0.0348247694274683	0.169811320754717	UCEC
SLITRK2	0.00191689442483741	0.0120026830416687	1208	2.27783413934267	0.0210526315789474	0.169811320754717	0.020536539932652	0.169811320754717	UCEC
POTEF	0.00573069816060885	0.016276475414812	1208	3.04486682614329	0.0210526315789474	0.150943396226415	0.00839167731378451	0.150943396226415	UCEC
NRG1	0.00428663137649171	0.0140501084812993	1208	1.97100629014123	0.0315789473684211	0.150943396226415	0.0241687961602682	0.150943396226415	UCEC
RANBP6	0.00795926955097364	0.0165234838208476	1208	1.95088050096444	0.0210526315789474	0.132075471698113	0.0211733395145135	0.132075471698113	UCEC
LPHN2	0.0212763029800983	0.030271651415187	1208	1.19612413010325	0.0421052631578947	0.150943396226415	0.0510115244200787	0.150943396226415	UCEC
LRRC7	0.0118470237419377	0.0209366700281495	1208	1.63270411990787	0.0210526315789474	0.132075471698113	0.0288762242237535	0.132075471698113	UCEC
DOCK8	0.0173668242643184	0.0261111314507488	1208	1.26313138930359	0.0421052631578947	0.150943396226415	0.0478636302623216	0.150943396226415	UCEC
DOCK1	0.00543388228269603	0.0157896079406802	1208	3.43577881024816	0.0105263157894737	0.169811320754717	0.00654333231763594	0.169811320754717	UCEC
DOCK6	0.024772274128341	0.0345622402658572	1208	1.28336710599492	0.0315789473684211	0.132075471698113	0.0404616227837241	0.132075471698113	UCEC
DOCK5	0.0159858888384772	0.0258977783572028	1208	1.47298166732047	0.0315789473684211	0.132075471698113	0.0337085847758044	0.132075471698113	UCEC
NAV1	0.00362709882775092	0.0135749612254866	1208	2.33521839512882	0.0210526315789474	0.150943396226415	0.0169159216961068	0.150943396226415	UCEC
CC2D2A	0.00199662135860801	0.0120026830416687	1208	2.16447211503805	0.0315789473684211	0.169811320754717	0.0229451283606248	0.169811320754717	UCEC
PAPPA2	0.000986687418201267	0.0115195847814777	1208	2.36068210713978	0.0210526315789474	0.188679245283019	0.0214720527506721	0.188679245283019	UCEC
PASD1	0.0157964462468866	0.0257202912489716	1208	1.47872939488785	0.0526315789473684	0.132075471698113	0.0335218689109056	0.132075471698113	UCEC
BAI3	0.00402884529833532	0.0135749612254866	1208	2.04465579223072	0.0315789473684211	0.150943396226415	0.0224913414161181	0.150943396226415	UCEC
CACNA2D3	0.00196289582801285	0.0120026830416687	1208	2.20082232798342	0.0315789473684211	0.169811320754717	0.0221441830970581	0.169811320754717	UCEC
CACNA1G	0.00972416597815086	0.0186462116662258	1208	1.47934467550189	0.0421052631578947	0.150943396226415	0.0389193914586461	0.150943396226415	UCEC
C3	0.0144069401683504	0.0241340206146092	1208	1.95597864989145	0.0210526315789474	0.113207547169811	0.0177342030466978	0.113207547169811	UCEC
HIVEP2	0.00386487068105958	0.0135749612254866	1208	3.56412884413069	0.0105263157894737	0.188679245283019	0.00654333231763594	0.188679245283019	UCEC
ERBB3	0.0342413778532432	0.0447954302478358	1208	1.63793016941021	0.0210526315789474	0.0943396226415094	0.0198462715007876	0.0943396226415094	UCEC
DIDO1	0.00322281536981438	0.0135749612254866	1208	1.753055784796	0.0315789473684211	0.169811320754717	0.034223468831833	0.169811320754717	UCEC
MSH6	0.00102159123806619	0.0115195847814777	1208	2.21797675873321	0.0315789473684211	0.188679245283019	0.0246843485830145	0.188679245283019	UCEC
PRTG	0.00565260966092107	0.0161606219759178	1208	1.75213121290016	0.0210526315789474	0.150943396226415	0.0299054686236481	0.150943396226415	UCEC
ATF7IP	0.00841393635585749	0.016839016998279	1208	1.89024834702245	0.0210526315789474	0.132075471698113	0.0224671074022101	0.132075471698113	UCEC
SLC9A10	0.00418398569168957	0.0138945107255889	1208	1.9977008957922	0.0315789473684211	0.150943396226415	0.023547146009908	0.150943396226415	UCEC
ATP8A2	0.00386487068105958	0.0135749612254866	1208	3.56412884413069	0.0105263157894737	0.188679245283019	0.00654333231763594	0.188679245283019	UCEC
NCOA6	0.00390195933436385	0.0135749612254866	1208	2.09207618174881	0.0210526315789474	0.150943396226415	0.0214720527506721	0.150943396226415	UCEC
JMJD1C	0.00192047943777551	0.0120026830416687	1208	2.26908229090973	0.0210526315789474	0.169811320754717	0.0207133222162635	0.169811320754717	UCEC
WWC3	0.00171502781581474	0.0120026830416687	1208	3.06356867686086	0.0210526315789474	0.188679245283019	0.0107484860394023	0.188679245283019	UCEC
ZNF407	0.00382223643347766	0.0135749612254866	1208	2.12882639940129	0.0210526315789474	0.150943396226415	0.0207133222162635	0.150943396226415	UCEC
CASP8	0.025641920519523	0.0353989065239324	1208	1.99567748465369	0.0210526315789474	0.0943396226415094	0.0139608268250006	0.0943396226415094	UCEC
PKD1L2	0.00386287717788997	0.0135749612254866	1208	2.10920234928919	0.0315789473684211	0.150943396226415	0.0211151484572821	0.150943396226415	UCEC
KIAA2018	0.0019162783078701	0.0120026830416687	1208	2.27944612867422	0.0210526315789474	0.169811320754717	0.0205041401530475	0.169811320754717	UCEC
CEP192	0.00775339851280822	0.0165234838208476	1208	1.98367993782248	0.0210526315789474	0.132075471698113	0.0205041401530475	0.132075471698113	UCEC
MAGEC3	0.00513503045730403	0.0157896079406802	1208	1.81653000930874	0.0210526315789474	0.150943396226415	0.0280926922465732	0.150943396226415	UCEC
DOCK11	0.00204936125175101	0.0120026830416687	1208	2.60587755111634	0.0315789473684211	0.169811320754717	0.0148785742982734	0.169811320754717	UCEC
CDH12	0.000994418484363087	0.0115195847814777	1208	2.44692625577322	0.0210526315789474	0.188679245283019	0.0197328325282824	0.188679245283019	UCEC
CKAP5	0.00779537154779024	0.0165234838208476	1208	3.29552291873972	0.0105263157894737	0.150943396226415	0.00654333231763594	0.150943396226415	UCEC
LIFR	0.00925760623444201	0.0180028867699381	1208	1.80374299097383	0.0315789473684211	0.132075471698113	0.0244475423934636	0.132075471698113	UCEC
ATAD5	0.0190282881357688	0.0274873263605608	1208	1.39264864582927	0.0315789473684211	0.132075471698113	0.0364255259348044	0.132075471698113	UCEC
SPG11	0.00191627830787009	0.0120026830416687	1208	2.27944612867422	0.0210526315789474	0.169811320754717	0.0205041401530475	0.169811320754717	UCEC
SLIT3	0.0320828012231326	0.0423011454172368	1208	1.18538296926365	0.0421052631578947	0.132075471698113	0.0444418417256415	0.132075471698113	UCEC
VPRBP	0.00299157416441499	0.0135749612254866	1208	1.79525944710331	0.0315789473684211	0.169811320754717	0.0328556351505574	0.169811320754717	UCEC
MED14	0.00402884529833533	0.0135749612254866	1208	2.04465579223072	0.0315789473684211	0.150943396226415	0.0224913414161181	0.150943396226415	UCEC
ZMYM2	0.00782371145278099	0.0165234838208476	1208	1.57559399659474	0.0315789473684211	0.150943396226415	0.0354747414769482	0.150943396226415	UCEC
RIMS1	0.00193375398714852	0.0120026830416687	1208	2.24274790606167	0.0210526315789474	0.169811320754717	0.021254292988983	0.169811320754717	UCEC
HEATR1	0.00121904606806088	0.0120026830416687	1208	2.78211451916944	0.0105263157894737	0.188679245283019	0.0141927484844652	0.188679245283019	UCEC
NUMA1	0.0015342630258674	0.0120026830416687	1208	1.84533982678358	0.0315789473684211	0.188679245283019	0.0354357587421138	0.188679245283019	UCEC
USP25	0.0116812601765711	0.0207407569057568	1208	1.64121081356667	0.0315789473684211	0.132075471698113	0.0286386298614582	0.132075471698113	UCEC
USP24	0.00783891522598383	0.0165234838208476	1208	1.38741308555731	0.0421052631578947	0.169811320754717	0.0485968979815507	0.169811320754717	UCEC
CDH8	0.00233816683900589	0.0128346915292236	1208	1.64785838476509	0.0421052631578947	0.188679245283019	0.0428410211980312	0.188679245283019	UCEC
MEGF8	0.0036895950053727	0.0135749612254866	1208	2.21747225811152	0.0105263157894737	0.150943396226415	0.018989570033052	0.150943396226415	UCEC
BOD1L	0.0019369796568076	0.0120026830416687	1208	2.23729333051817	0.0210526315789474	0.169811320754717	0.0213680588604921	0.169811320754717	UCEC
GK2	0.00279425777455629	0.0135749612254866	1208	3.68296952134521	0.0105263157894737	0.207547169811321	0.00654333231763594	0.207547169811321	UCEC
DIP2C	0.0170464017001476	0.0261111314507488	1208	1.44267496739344	0.0315789473684211	0.132075471698113	0.0347098167144127	0.132075471698113	UCEC
ABCA8	0.0038648706810596	0.0135749612254866	1208	3.56412884413069	0.0105263157894737	0.188679245283019	0.00654333231763594	0.188679245283019	UCEC
MYO5A	0.00191627830787011	0.0120026830416687	1208	2.27944612867422	0.0210526315789474	0.169811320754717	0.0205041401530475	0.169811320754717	UCEC
RNF31	0.0114672425882966	0.0204827867114455	1208	1.6525536622896	0.0315789473684211	0.132075471698113	0.0283247707305057	0.132075471698113	UCEC
OTOF	0.0103083532977852	0.019716356750574	1208	1.72251356745805	0.0421052631578947	0.132075471698113	0.0264615440706149	0.132075471698113	UCEC
DNAH12	0.0165965999109867	0.0261111314507488	1208	1.45516072421104	0.0315789473684211	0.132075471698113	0.0342939025228877	0.132075471698113	UCEC
ZZEF1	0.00192382956694816	0.0120026830416687	1208	2.26168218726195	0.0210526315789474	0.169811320754717	0.0208639615920567	0.169811320754717	UCEC
COL4A5	0.00341657923427845	0.0135749612254866	1208	1.72106957647993	0.0315789473684211	0.169811320754717	0.0352965752044695	0.169811320754717	UCEC
COL4A4	0.0144780947674792	0.0241728189985205	1208	1.52204998249781	0.0315789473684211	0.132075471698113	0.0321463731476255	0.132075471698113	UCEC
COL4A1	0.0114681558954215	0.0204827867114455	1208	3.14000969815835	0.0210526315789474	0.132075471698113	0.00654335130722496	0.132075471698113	UCEC
ATP1A3	0.000511601625769936	0.0108908492010707	1208	2.4795227843543	0.0210526315789474	0.207547169811321	0.0214720527506721	0.207547169811321	UCEC
CFH	0.0077577789968239	0.0165234838208476	1208	1.98293609743345	0.0210526315789474	0.132075471698113	0.0205190845651579	0.132075471698113	UCEC
ATG2B	0.00192298160060149	0.0120026830416687	1208	2.44780345422854	0.0210526315789474	0.169811320754717	0.01738228573097	0.169811320754717	UCEC
ZNF836	0.000734152112334527	0.0115195847814777	1208	2.91766761710422	0.0105263157894737	0.207547169811321	0.0139608078354116	0.207547169811321	UCEC
CDK5RAP2	0.00694503884931137	0.0165234838208476	1208	2.20615599383518	0.0315789473684211	0.132075471698113	0.0164816725208627	0.132075471698113	UCEC
NES	0.0130569084894197	0.0225474156885864	1208	1.57685007801581	0.0421052631578947	0.132075471698113	0.030484404803188	0.132075471698113	UCEC
SORBS2	0.00779537154779019	0.0165234838208476	1208	3.29552291873972	0.0105263157894737	0.150943396226415	0.00654333231763594	0.150943396226415	UCEC
MAP1B	0.00191627830787009	0.0120026830416687	1208	2.27944612867422	0.0210526315789474	0.169811320754717	0.0205041401530475	0.169811320754717	UCEC
IGSF9B	0.00535510444810804	0.0157896079406802	1208	1.52352265524056	0.0315789473684211	0.169811320754717	0.0426767137490455	0.169811320754717	UCEC
SPTBN5	0.0174211646117828	0.0261111314507488	1208	2.96434989188047	0.0315789473684211	0.113207547169811	0.00654337029681398	0.113207547169811	UCEC
PPIG	0.00382370547630547	0.0135749612254866	1208	2.12807887975916	0.0210526315789474	0.150943396226415	0.0207284905482929	0.150943396226415	UCEC
SALL4	0.00380387884639191	0.0135749612254866	1208	2.13844639677675	0.0210526315789474	0.150943396226415	0.0205190845651579	0.150943396226415	UCEC
MORC1	0.00775339851280822	0.0165234838208476	1208	1.98367993782248	0.0210526315789474	0.132075471698113	0.0205041401530475	0.132075471698113	UCEC
LAMB1	0.00402525554609991	0.0135749612254866	1208	2.04586744294596	0.0210526315789474	0.150943396226415	0.0224647180993928	0.150943396226415	UCEC
KIAA0232	0.00912752099843473	0.0179367923792756	1208	1.81552216399549	0.0210526315789474	0.132075471698113	0.0241681788819959	0.132075471698113	UCEC
ADCY9	0.00191627830787009	0.0120026830416687	1208	2.27944612867422	0.0210526315789474	0.169811320754717	0.0205041401530475	0.169811320754717	UCEC
GAPVD1	0.0019162783078701	0.0120026830416687	1208	2.27944612867422	0.0210526315789474	0.169811320754717	0.0205041401530475	0.169811320754717	UCEC
PCDHB15	0.0183591828758976	0.0268285544733861	1208	4.19393184077482	0.0105263157894737	0.169811320754717	0.00307645262004391	0.169811320754717	UCEC
SIPA1L1	0.000511283036904621	0.0108908492010707	1208	2.47722823523388	0.0210526315789474	0.207547169811321	0.0215203165037662	0.207547169811321	UCEC
ZNF267	0.00783407672315045	0.0165234838208476	1208	1.57497087048047	0.0315789473684211	0.150943396226415	0.0354960687512881	0.150943396226415	UCEC
C4orf21	0.0356151500980352	0.0461530804443664	1208	1.60464808678247	0.0210526315789474	0.0943396226415094	0.0205041401530475	0.0943396226415094	UCEC
PIK3C2A	0.00382370547630548	0.0135749612254866	1208	2.12807887975916	0.0210526315789474	0.150943396226415	0.0207284905482929	0.150943396226415	UCEC
ARFGEF1	0.0082351981770273	0.0167214607151096	1208	1.55183332281356	0.0315789473684211	0.150943396226415	0.0362967792935283	0.150943396226415	UCEC
VPS8	0.0194786661392028	0.0281110454024216	1208	1.22485278730002	0.0421052631578947	0.150943396226415	0.0496385924700568	0.150943396226415	UCEC
SLITRK6	0.00668238169315111	0.0165234838208476	1208	1.6554739618576	0.0315789473684211	0.150943396226415	0.032840690738447	0.150943396226415	UCEC
TNS1	0.00204353528457739	0.0120026830416687	1208	2.60063342416701	0.0105263157894737	0.169811320754717	0.0149556346066417	0.169811320754717	UCEC
NLRP1	0.00747417288299882	0.0165234838208476	1208	1.59835164019011	0.0315789473684211	0.150943396226415	0.0347042427958148	0.150943396226415	UCEC
ARHGAP5	0.0114681916332778	0.0204827867114455	1208	3.14001261939642	0.0105263157894737	0.132075471698113	0.00654333231763594	0.132075471698113	UCEC
FMR1	0.0141055129132927	0.0237873102812336	1208	1.98870044267091	0.0210526315789474	0.113207547169811	0.0171731036677539	0.113207547169811	UCEC
POLR2B	0.0047282695671813	0.0150726061519218	1208	1.8799198332164	0.0421052631578947	0.150943396226415	0.0264127452794817	0.150943396226415	UCEC
RAB3GAP1	0.00196106757377671	0.0120026830416687	1208	2.20308148328419	0.0315789473684211	0.169811320754717	0.0220953165334113	0.169811320754717	UCEC
GUCY2F	0.00380250143353818	0.0135749612254866	1208	2.13919023716578	0.0210526315789474	0.150943396226415	0.0205041401530475	0.150943396226415	UCEC
ZNF638	0.00385528889854258	0.0135749612254866	1208	1.66217830992399	0.0315789473684211	0.169811320754717	0.0373576790926424	0.169811320754717	UCEC
NCKAP1L	0.00363979593197438	0.0135749612254866	1208	2.39512374994596	0.0210526315789474	0.150943396226415	0.0159480090984822	0.150943396226415	UCEC
C15orf42	0.00381856857158585	0.0135749612254866	1208	2.13070666517499	0.0210526315789474	0.150943396226415	0.0206752167287976	0.150943396226415	UCEC
PHKA2	0.00582483643776109	0.016342633894858	1208	3.05922474943581	0.0210526315789474	0.150943396226415	0.00827304077343289	0.150943396226415	UCEC
ADAMTS9	0.00779534171060364	0.0165234838208476	1208	3.29551999750165	0.0210526315789474	0.150943396226415	0.00654335130722496	0.150943396226415	UCEC
PDE3A	0.00193697965680759	0.0120026830416687	1208	2.23729333051817	0.0210526315789474	0.169811320754717	0.0213680588604921	0.169811320754717	UCEC
RP1L1	0.000986677279071793	0.0115195847814777	1208	2.38174323711057	0.0210526315789474	0.188679245283019	0.0210339686211866	0.188679245283019	UCEC
CXorf57	0.039381937391255	0.0496256992790872	1208	1.26438671399941	0.0421052631578947	0.113207547169811	0.0347980888551895	0.113207547169811	UCEC
SCN3A	0.00779537154779022	0.0165234838208476	1208	3.29552291873972	0.0105263157894737	0.150943396226415	0.00654333231763594	0.150943396226415	UCEC
ARID4A	0.0186159575275335	0.027072869898078	1208	1.4022717145141	0.0315789473684211	0.132075471698113	0.0360892708204011	0.132075471698113	UCEC
BAZ2A	0.00802292816719602	0.0165234838208476	1208	1.94152713966643	0.0210526315789474	0.132075471698113	0.0213680588604921	0.132075471698113	UCEC
MYH14	0.0171971689955105	0.0261111314507488	1208	1.75861354642717	0.0315789473684211	0.113207547169811	0.0215203354933552	0.113207547169811	UCEC
MYH15	0.0129037350141221	0.0224626078414038	1208	2.22628135885553	0.0210526315789474	0.113207547169811	0.0135909130039293	0.113207547169811	UCEC
SCN5A	0.00458894169982655	0.0147844155830233	1208	1.58542808526926	0.0421052631578947	0.169811320754717	0.040217936310748	0.169811320754717	UCEC
TMEM2	0.0178496407604157	0.0263644254046805	1208	1.42158688031648	0.0421052631578947	0.132075471698113	0.0354233488194909	0.132075471698113	UCEC
QSER1	0.00374892296430396	0.0135749612254866	1208	2.51513650012012	0.0105263157894737	0.150943396226415	0.0141699898986276	0.150943396226415	UCEC
ZMYM3	0.00191656090929135	0.0120026830416687	1208	2.27870228828519	0.0210526315789474	0.169811320754717	0.0205190845651579	0.169811320754717	UCEC
RBM27	0.00802292816719606	0.0165234838208476	1208	1.94152713966643	0.0210526315789474	0.132075471698113	0.0213680588604921	0.132075471698113	UCEC
HECW1	0.00364618085896702	0.0135749612254866	1208	2.27069452510881	0.0315789473684211	0.150943396226415	0.0180230652403341	0.150943396226415	UCEC
IGSF10	0.0114681916332778	0.0204827867114455	1208	3.14001261939642	0.0105263157894737	0.132075471698113	0.00654333231763594	0.132075471698113	UCEC
NHS	0.0114681916332778	0.0204827867114455	1208	3.14001261939643	0.0105263157894737	0.132075471698113	0.00654333231763594	0.132075471698113	UCEC
L1TD1	0.00380250143353818	0.0135749612254866	1208	2.13919023716578	0.0210526315789474	0.150943396226415	0.0205041401530475	0.150943396226415	UCEC
NAT10	0.00380250143353819	0.0135749612254866	1208	2.13919023716578	0.0210526315789474	0.150943396226415	0.0205041401530475	0.150943396226415	UCEC
SPEF2	0.00382223643347765	0.0135749612254866	1208	2.12882639940129	0.0210526315789474	0.150943396226415	0.0207133222162635	0.150943396226415	UCEC
GALNT13	0.00374185552181361	0.0135749612254866	1208	2.17586244591717	0.0210526315789474	0.150943396226415	0.0197804326546431	0.150943396226415	UCEC
AQR	0.00779537154779023	0.0165234838208476	1208	3.29552291873972	0.0105263157894737	0.150943396226415	0.00654333231763594	0.150943396226415	UCEC
TSGA10	0.00191627830787009	0.0120026830416687	1208	2.27944612867422	0.0210526315789474	0.169811320754717	0.0205041401530475	0.169811320754717	UCEC
PLCH1	0.0094513818316418	0.0182156096270545	1208	1.49132872239735	0.0315789473684211	0.150943396226415	0.0384736006253996	0.150943396226415	UCEC
KTN1	0.0170025496205788	0.0261111314507488	1208	1.76890204585757	0.0210526315789474	0.113207547169811	0.0213047515783206	0.113207547169811	UCEC
SATB1	0.0369684782744859	0.047409621819318	1208	1.57466019890588	0.0315789473684211	0.0943396226415094	0.0211151484572821	0.0943396226415094	UCEC
ARHGAP31	0.0219748826130084	0.0310568264370315	1208	1.57417019146872	0.0421052631578947	0.113207547169811	0.0257669389325511	0.113207547169811	UCEC
ARHGAP32	0.0033771312382084	0.0135749612254866	1208	1.7270360787886	0.0315789473684211	0.169811320754717	0.0350939733778515	0.169811320754717	UCEC
UPF3B	0.00468974421140762	0.0150131430157562	1208	2.84952311600632	0.0210526315789474	0.150943396226415	0.010183567987197	0.150943396226415	UCEC
KIAA1210	0.0019168944248374	0.0120026830416687	1208	2.27783413934267	0.0210526315789474	0.169811320754717	0.020536539932652	0.169811320754717	UCEC
PCDHB12	0.00373229090282854	0.0135749612254866	1208	1.6774347021734	0.0421052631578947	0.169811320754717	0.03681288255912	0.169811320754717	UCEC
LRRK1	0.0343869021927092	0.0449468937830308	1208	1.3275962189985	0.0421052631578947	0.113207547169811	0.0327363713061811	0.113207547169811	UCEC
ITPR3	0.00800836416665824	0.0165234838208476	1208	1.94363667399705	0.0210526315789474	0.132075471698113	0.0213239899190572	0.132075471698113	UCEC
FYCO1	0.00975486912045638	0.0186813779987447	1208	1.47803715820866	0.0315789473684211	0.150943396226415	0.0389683283077585	0.150943396226415	UCEC
ERBB4	0.00365444654776413	0.0135749612254866	1208	1.68758476350698	0.0315789473684211	0.169811320754717	0.0364546716821319	0.169811320754717	UCEC
TRIP12	0.00192080452650247	0.0120026830416687	1208	2.2683347712676	0.0210526315789474	0.169811320754717	0.0207284905482929	0.169811320754717	UCEC
PCDHGB3	0.0111652385370721	0.0204827867114455	1208	1.66930629107863	0.0315789473684211	0.132075471698113	0.0278673222366931	0.132075471698113	UCEC
FAM65B	0.0137543908644119	0.0233253474704	1208	1.54873189874535	0.0315789473684211	0.132075471698113	0.0313265023947375	0.132075471698113	UCEC
SLC9A11	0.0157152177061823	0.0256156353333781	1208	1.84715314599074	0.0210526315789474	0.113207547169811	0.0197328325282824	0.113207547169811	UCEC
CASK	0.0124133125015222	0.0218099013834884	1208	1.60529642011484	0.0315789473684211	0.132075471698113	0.0296548062121769	0.132075471698113	UCEC
SCN2A	0.00779537154779019	0.0165234838208476	1208	3.29552291873972	0.0105263157894737	0.150943396226415	0.00654333231763594	0.150943396226415	UCEC
PCDHA11	0.00366795586350472	0.0135749612254866	1208	2.24006039377707	0.0315789473684211	0.150943396226415	0.0185733167248359	0.150943396226415	UCEC
TJP1	0.0306517570067138	0.0405558711358534	1208	1.20214324025133	0.0421052631578947	0.132075471698113	0.0437354968418936	0.132075471698113	UCEC
TCHH	0.0304788375883982	0.040362422082445	1208	1.20423699824971	0.0421052631578947	0.132075471698113	0.043648013827193	0.132075471698113	UCEC
ATRN	0.0104935198739147	0.0199442874584719	1208	1.7102077193191	0.0315789473684211	0.132075471698113	0.0267804132145758	0.132075471698113	UCEC
YSK4	0.00193516628009055	0.0120026830416687	1208	2.24032512175753	0.0210526315789474	0.169811320754717	0.0213047515783206	0.169811320754717	UCEC
HEPHL1	0.00412226051798178	0.0137196820323138	1208	2.01527630660257	0.0315789473684211	0.150943396226415	0.0231464063005594	0.150943396226415	UCEC
DIAPH3	0.00790544775205271	0.0165234838208476	1208	1.57071555723352	0.0315789473684211	0.150943396226415	0.0356420426492998	0.150943396226415	UCEC
MYOF	0.0346748798464098	0.0452841343543001	1208	1.32359823608954	0.0315789473684211	0.113207547169811	0.0328632030076807	0.113207547169811	UCEC
PARD3	0.00779537154779022	0.0165234838208476	1208	3.29552291873972	0.0105263157894737	0.150943396226415	0.00654333231763594	0.150943396226415	UCEC
PKP4	0.00577500959120092	0.0163321503661542	1208	3.05167390585744	0.0105263157894737	0.150943396226415	0.00833522299104839	0.150943396226415	UCEC
INSRR	0.00149823547692635	0.0120026830416687	1208	1.85889078668032	0.0315789473684211	0.188679245283019	0.0349754896708188	0.188679245283019	UCEC
XIRP1	0.00779537154779023	0.0165234838208476	1208	3.29552291873972	0.0105263157894737	0.150943396226415	0.00654333231763594	0.150943396226415	UCEC
PCDHGA3	0.00684991785233809	0.0165234838208476	1208	2.30669577613235	0.0105263157894737	0.132075471698113	0.0149287204330362	0.132075471698113	UCEC
PDE8B	0.00196978929220511	0.0120026830416687	1208	2.19263129265263	0.0315789473684211	0.169811320754717	0.0223222462555694	0.169811320754717	UCEC
ZNF606	0.00514505419285266	0.0157896079406802	1208	1.81513460622272	0.0315789473684211	0.150943396226415	0.0281308167236282	0.150943396226415	UCEC
DCAF6	0.0176685217221506	0.0263110924806988	1208	1.4262147912537	0.0315789473684211	0.132075471698113	0.0352655594137322	0.132075471698113	UCEC
IARS2	0.0259145082680223	0.0356619508132803	1208	1.47446099569321	0.0421052631578947	0.113207547169811	0.0283918865508487	0.113207547169811	UCEC
SPINK5	0.0114681916332779	0.0204827867114455	1208	3.14001261939642	0.0105263157894737	0.132075471698113	0.00654333231763594	0.132075471698113	UCEC
ABCC11	0.00382370547630548	0.0135749612254866	1208	2.12807887975916	0.0210526315789474	0.150943396226415	0.0207284905482929	0.150943396226415	UCEC
GRM5	0.0142219930583825	0.0238506454064549	1208	1.33272782070034	0.0421052631578947	0.150943396226415	0.0447898946731803	0.150943396226415	UCEC
GRM7	0.0015373793989515	0.0120026830416687	1208	1.84419992198571	0.0315789473684211	0.188679245283019	0.0354747414769482	0.188679245283019	UCEC
DSCAML1	0.00382370731846603	0.0135749612254866	1208	2.12807794425748	0.0315789473684211	0.150943396226415	0.0207285095378819	0.150943396226415	UCEC
MAP3K4	0.00779537154779022	0.0165234838208476	1208	3.29552291873972	0.0105263157894737	0.150943396226415	0.00654333231763594	0.150943396226415	UCEC
MAN2A1	0.000519926365057949	0.0108908492010707	1208	2.52663683977126	0.0210526315789474	0.207547169811321	0.0205041401530475	0.207547169811321	UCEC
C9orf79	0.0050811501017994	0.0157896079406802	1208	1.82414999092354	0.0315789473684211	0.150943396226415	0.0278853865913894	0.150943396226415	UCEC
CCDC88A	0.00386487068105956	0.0135749612254866	1208	3.56412884413069	0.0105263157894737	0.188679245283019	0.00654333231763594	0.188679245283019	UCEC
PDS5B	0.00364041307943464	0.0135749612254866	1208	2.28188013017268	0.0210526315789474	0.150943396226415	0.0178261633665943	0.150943396226415	UCEC
ASTN2	0.00539439591745903	0.0157896079406802	1208	1.78245447350702	0.0315789473684211	0.150943396226415	0.0290381859157209	0.150943396226415	UCEC
AKAP11	0.00380387884639193	0.0135749612254866	1208	2.13844639677675	0.0210526315789474	0.150943396226415	0.0205190845651579	0.150943396226415	UCEC
ARHGEF6	0.0074076270740618	0.0165234838208476	1208	1.60273922347125	0.0315789473684211	0.150943396226415	0.0345575590711386	0.150943396226415	UCEC
MYH3	0.0077953715477902	0.0165234838208476	1208	3.29552291873972	0.0105263157894737	0.150943396226415	0.00654333231763594	0.150943396226415	UCEC
THBS2	0.0168350073238516	0.0261111314507488	1208	1.77803608363213	0.0210526315789474	0.113207547169811	0.021115129467693	0.113207547169811	UCEC
MYH9	0.00386287717788993	0.0135749612254866	1208	2.10920234928919	0.0315789473684211	0.150943396226415	0.0211151484572821	0.150943396226415	UCEC
CARD11	0.00190545188557916	0.0120026830416687	1208	2.3185762218907	0.0210526315789474	0.169811320754717	0.0197328325282824	0.169811320754717	UCEC
XRN2	0.0177792651577577	0.0263644254046805	1208	1.4227946531971	0.0315789473684211	0.132075471698113	0.0353820991839416	0.132075471698113	UCEC
MYO7A	0.00779537154779023	0.0165234838208476	1208	3.29552291873972	0.0105263157894737	0.150943396226415	0.00654333231763594	0.150943396226415	UCEC
MYO7B	0.0253837956791147	0.0352526794771528	1208	1.48626553814047	0.0315789473684211	0.113207547169811	0.0280680555193308	0.113207547169811	UCEC
KCNMA1	0.00558664273965836	0.0161403770164891	1208	1.75957952216869	0.0210526315789474	0.150943396226415	0.0296901396937209	0.150943396226415	UCEC
HEATR5B	0.00752401046311348	0.0165234838208476	1208	1.5951090465504	0.0421052631578947	0.150943396226415	0.0348130332672998	0.150943396226415	UCEC
EFCAB6	0.00192336998178793	0.0120026830416687	1208	2.44877528108367	0.0210526315789474	0.169811320754717	0.0173656945593259	0.169811320754717	UCEC
ALK	0.00776044978344067	0.0165234838208476	1208	1.57942735922466	0.0315789473684211	0.150943396226415	0.0353438111080141	0.150943396226415	UCEC
PLCG2	0.00204936125175101	0.0120026830416687	1208	2.60587755111634	0.0315789473684211	0.169811320754717	0.0148785742982734	0.169811320754717	UCEC
ABCA5	0.00386287517308557	0.0135749612254866	1208	2.10920326802365	0.0210526315789474	0.150943396226415	0.021115129467693	0.150943396226415	UCEC
ZNF268	0.00523912329955049	0.0157896079406802	1208	1.53200011807542	0.0421052631578947	0.169811320754717	0.0423317030332256	0.169811320754717	UCEC
FILIP1	0.00332865670600815	0.0135749612254866	1208	1.73571512016565	0.0315789473684211	0.169811320754717	0.0348012686847923	0.169811320754717	UCEC
C9orf102	0.00543388228269603	0.0157896079406802	1208	3.43577881024816	0.0105263157894737	0.169811320754717	0.00654333231763594	0.169811320754717	UCEC
HRNR	0.00204943231287261	0.0120026830416687	1208	2.12001157368398	0.0315789473684211	0.169811320754717	0.0239633015091815	0.169811320754717	UCEC
RNF17	0.0147324574660447	0.0244892664809609	1208	2.7280575650443	0.0210526315789474	0.113207547169811	0.00827304077343289	0.113207547169811	UCEC
C14orf118	0.00543388228269602	0.0157896079406802	1208	3.43577881024816	0.0105263157894737	0.169811320754717	0.00654333231763594	0.169811320754717	UCEC
ZC3H18	0.00577500959120092	0.0163321503661542	1208	3.05167390585744	0.0105263157894737	0.150943396226415	0.00833522299104839	0.150943396226415	UCEC
TLN2	0.00101252495412621	0.0115195847814777	1208	2.23864652623654	0.0315789473684211	0.188679245283019	0.024191582087737	0.188679245283019	UCEC
PCDHA6	0.0114681916332779	0.0204827867114455	1208	3.14001261939642	0.0105263157894737	0.132075471698113	0.00654333231763594	0.132075471698113	UCEC
CLCN6	0.0266695269390525	0.0364127604313921	1208	1.45836252678944	0.0315789473684211	0.113207547169811	0.0288393631440959	0.113207547169811	UCEC
BMP1	0.015557613041499	0.0255516883757662	1208	4.08961103943473	0.0105263157894737	0.169811320754717	0.00341357377227703	0.169811320754717	UCEC
CHD2	0.0114681916332778	0.0204827867114455	1208	3.14001261939642	0.0105263157894737	0.132075471698113	0.00654333231763594	0.132075471698113	UCEC
RAB3GAP2	0.00775326808822822	0.0165234838208476	1208	1.57986576928888	0.0315789473684211	0.150943396226415	0.0353288666959037	0.150943396226415	UCEC
SGSM1	0.0371852416669952	0.0474952664064495	1208	1.29068282569019	0.0421052631578947	0.113207547169811	0.0339256000023366	0.113207547169811	UCEC
FSIP2	0.00779537154779024	0.0165234838208476	1208	3.29552291873972	0.0105263157894737	0.150943396226415	0.00654333231763594	0.150943396226415	UCEC
PCDHGA5	0.00582483643776134	0.016342633894858	1208	3.05922474943581	0.0210526315789474	0.150943396226415	0.00827304077343289	0.150943396226415	UCEC
COBLL1	0.00388329138207825	0.0135749612254866	1208	2.10006923024909	0.0210526315789474	0.150943396226415	0.0213047515783206	0.150943396226415	UCEC
LRRFIP1	0.00752941196659928	0.0165234838208476	1208	1.59475982409638	0.0315789473684211	0.150943396226415	0.0348247694274683	0.150943396226415	UCEC
DDX24	0.00543388228269602	0.0157896079406802	1208	3.43577881024816	0.0105263157894737	0.169811320754717	0.00654333231763594	0.169811320754717	UCEC
MAP1A	0.00204593888684035	0.0120026830416687	1208	2.12264340665929	0.0315789473684211	0.169811320754717	0.0239018224649315	0.169811320754717	UCEC
MICAL3	0.0114681916332778	0.0204827867114455	1208	3.14001261939642	0.0105263157894737	0.132075471698113	0.00654333231763594	0.132075471698113	UCEC
MAP7D3	0.0127486913041385	0.0223212891779297	1208	1.59014522055118	0.0315789473684211	0.132075471698113	0.0300939087942096	0.132075471698113	UCEC
DIAPH2	0.00781561647576689	0.0165234838208476	1208	1.97331610005799	0.0210526315789474	0.132075471698113	0.0207133222162635	0.132075471698113	UCEC
TLN1	0.00451283757888322	0.0146642958746076	1208	1.92048882669427	0.0210526315789474	0.150943396226415	0.0253893125945866	0.150943396226415	UCEC
HDX	0.0019031054274606	0.0120026830416687	1208	2.33622496327649	0.0210526315789474	0.169811320754717	0.019394323040211	0.169811320754717	UCEC
NLGN3	0.00775339851280827	0.0165234838208476	1208	1.98367993782248	0.0210526315789474	0.132075471698113	0.0205041401530475	0.132075471698113	UCEC
ADCY1	0.00779537154779022	0.0165234838208476	1208	3.29552291873972	0.0105263157894737	0.150943396226415	0.00654333231763594	0.150943396226415	UCEC
PCDHA1	0.00543388228269602	0.0157896079406802	1208	3.43577881024816	0.0105263157894737	0.169811320754717	0.00654333231763594	0.169811320754717	UCEC
PCDHA8	0.00781249523129907	0.0165234838208476	1208	1.9738259938705	0.0315789473684211	0.132075471698113	0.0207029819142615	0.132075471698113	UCEC
MTM1	0.00213459170710053	0.0121166554860697	1208	2.67047690600717	0.0105263157894737	0.169811320754717	0.0139608078354116	0.169811320754717	UCEC
TLR8	0.00104419140656387	0.0115354986310584	1208	2.5771253149662	0.0210526315789474	0.188679245283019	0.0173656945593259	0.188679245283019	UCEC
PTPRT	0.00196230976902231	0.0120026830416687	1208	2.20154855410203	0.0210526315789474	0.169811320754717	0.0221284629849895	0.169811320754717	UCEC
PCDHB16	0.00216197406773292	0.0121166554860697	1208	2.04969649814297	0.0315789473684211	0.169811320754717	0.0256641357026402	0.169811320754717	UCEC
KIAA1324L	0.00779537154779023	0.0165234838208476	1208	3.29552291873972	0.0105263157894737	0.150943396226415	0.00654333231763594	0.150943396226415	UCEC
ZNF471	0.0174212471448039	0.0261111314507488	1208	2.9643557343482	0.0105263157894737	0.113207547169811	0.00654333231763594	0.113207547169811	UCEC
CR1	0.00490669962957349	0.0154458815422616	1208	1.55799260458696	0.0421052631578947	0.169811320754717	0.0412904201713136	0.169811320754717	UCEC
ADAMTS20	0.00543388228269603	0.0157896079406802	1208	3.43577881024817	0.0105263157894737	0.169811320754717	0.00654333231763594	0.169811320754717	UCEC
FNIP1	0.00775339851280825	0.0165234838208476	1208	1.98367993782248	0.0210526315789474	0.132075471698113	0.0205041401530475	0.132075471698113	UCEC
ANAPC1	0.0272775433624207	0.0369653524848589	1208	1.24596192432474	0.0421052631578947	0.132075471698113	0.041939083702168	0.132075471698113	UCEC
SFMBT2	0.00390195933436384	0.0135749612254866	1208	2.09207618174881	0.0210526315789474	0.150943396226415	0.0214720527506721	0.150943396226415	UCEC
C5orf42	0.00779537154779022	0.0165234838208476	1208	3.29552291873972	0.0105263157894737	0.150943396226415	0.00654333231763594	0.150943396226415	UCEC
DMBT1	0.0212156590341794	0.0302423215100425	1208	1.34617533687694	0.0421052631578947	0.132075471698113	0.0380922889444715	0.132075471698113	UCEC
CUL7	0.00381856857158586	0.0135749612254866	1208	2.13070666517499	0.0210526315789474	0.150943396226415	0.0206752167287976	0.150943396226415	UCEC
HSP90AB1	0.00779537154779023	0.0165234838208476	1208	3.29552291873972	0.0105263157894737	0.150943396226415	0.00654333231763594	0.150943396226415	UCEC
RAPGEF2	0.00733676783563359	0.0165234838208476	1208	2.06786668634702	0.0210526315789474	0.132075471698113	0.0188798829030354	0.132075471698113	UCEC
TTC3	0.00403385677713003	0.0135749612254866	1208	2.65555460514826	0.0105263157894737	0.150943396226415	0.0123365505853995	0.150943396226415	UCEC
FRYL	0.00542570484706285	0.0157896079406802	1208	1.77860304268739	0.0210526315789474	0.150943396226415	0.0291469740847579	0.150943396226415	UCEC
FANCB	0.0178225647981296	0.0263644254046805	1208	1.42169773047821	0.0315789473684211	0.132075471698113	0.0354195565413895	0.132075471698113	UCEC
ATP10D	0.00380250143353816	0.0135749612254866	1208	2.13919023716578	0.0210526315789474	0.150943396226415	0.0205041401530475	0.150943396226415	UCEC
UBA6	0.0381462680543072	0.0484361437227379	1208	1.27891528206505	0.0315789473684211	0.113207547169811	0.034313399600733	0.113207547169811	UCEC
ABCA10	0.0167960952631906	0.0261111314507488	1208	1.4495593551603	0.0315789473684211	0.132075471698113	0.0344798924005695	0.132075471698113	UCEC
IPO8	0.00543388228269603	0.0157896079406802	1208	3.43577881024816	0.0105263157894737	0.169811320754717	0.00654333231763594	0.169811320754717	UCEC
IPO9	0.00775339851280825	0.0165234838208476	1208	1.98367993782248	0.0210526315789474	0.132075471698113	0.0205041401530475	0.132075471698113	UCEC
BRS3	0.00765121184687811	0.0165234838208476	1208	1.58699550594974	0.0315789473684211	0.150943396226415	0.0350866884016518	0.150943396226415	UCEC
POTEE	0.0163181610370943	0.0259966654588797	1208	1.80802210725322	0.0315789473684211	0.113207547169811	0.0205041591426365	0.113207547169811	UCEC
C12orf63	0.00190545188557916	0.0120026830416687	1208	2.3185762218907	0.0210526315789474	0.169811320754717	0.0197328325282824	0.169811320754717	UCEC
TMEM132D	0.00191753997492061	0.0120026830416687	1208	2.27615664174247	0.0421052631578947	0.169811320754717	0.0205703095978424	0.169811320754717	UCEC
USP32	0.0181089826973317	0.0265915188101732	1208	1.4145399895557	0.0315789473684211	0.132075471698113	0.0356649161493871	0.132075471698113	UCEC
C1orf9	0.003734751150104	0.0135749612254866	1208	2.50440893829865	0.0105263157894737	0.150943396226415	0.0143206292744208	0.150943396226415	UCEC
HECW2	0.00496471887679072	0.0155800593178087	1208	1.84135417782203	0.0210526315789474	0.150943396226415	0.0274227878726322	0.150943396226415	UCEC
STAG1	0.0203675698000132	0.0292263988298385	1208	1.210256026436	0.0421052631578947	0.150943396226415	0.0503317331423812	0.150943396226415	UCEC
A2ML1	0.0394772273550383	0.0496256992790872	1208	1.11150703684898	0.0421052631578947	0.132075471698113	0.04768684797871	0.132075471698113	UCEC
IGSF9	0.009347331635937	0.0181307035967918	1208	1.49602994355718	0.0315789473684211	0.150943396226415	0.0383000632931576	0.150943396226415	UCEC
ZNF300	0.0019162783078701	0.0120026830416687	1208	2.27944612867422	0.0210526315789474	0.169811320754717	0.0205041401530475	0.169811320754717	UCEC
DNMBP	0.00751779256887766	0.0165234838208476	1208	2.02746175532527	0.0210526315789474	0.132075471698113	0.019643052875708	0.132075471698113	UCEC
SLC9A5	0.034831804843401	0.0454360082854313	1208	1.15567072550021	0.0421052631578947	0.132075471698113	0.0457208426886105	0.132075471698113	UCEC
TRPM1	0.00776290805665205	0.0165234838208476	1208	1.98206794849093	0.0210526315789474	0.132075471698113	0.020536539932652	0.132075471698113	UCEC
MAP2	0.0196346540840205	0.0283091243520562	1208	1.65173045011403	0.0315789473684211	0.113207547169811	0.023889924002199	0.113207547169811	UCEC
PPL	0.0186552978037349	0.0270779586757382	1208	1.40134019218988	0.0421052631578947	0.132075471698113	0.0361216895895946	0.132075471698113	UCEC
XRN1	0.00646395028307564	0.0165234838208476	1208	1.67344949200821	0.0315789473684211	0.150943396226415	0.0322745183598297	0.150943396226415	UCEC
MSN	0.0114681916332779	0.0204827867114455	1208	3.14001261939643	0.0105263157894737	0.132075471698113	0.00654333231763594	0.132075471698113	UCEC
DSEL	0.0178691813316469	0.0263675126876157	1208	1.42052120041381	0.0315789473684211	0.132075471698113	0.0354597747596892	0.132075471698113	UCEC
YLPM1	0.0390622264958824	0.0493091263452618	1208	1.26808372366459	0.0315789473684211	0.113207547169811	0.0346741300516751	0.113207547169811	UCEC
SYTL2	0.00543388228269602	0.0157896079406802	1208	3.43577881024816	0.0105263157894737	0.169811320754717	0.00654333231763594	0.169811320754717	UCEC
FOXP1	0.017023897719557	0.0261111314507488	1208	1.4432875372119	0.0315789473684211	0.132075471698113	0.0346892983837044	0.132075471698113	UCEC
ZNF804B	0.00408730603226244	0.0136981645809296	1208	1.63546513582245	0.0421052631578947	0.169811320754717	0.0383303035196418	0.169811320754717	UCEC
BBX	0.0395435502768473	0.0496677510127318	1208	1.26253385136578	0.0315789473684211	0.113207547169811	0.0348603749594545	0.113207547169811	UCEC
ARHGAP36	0.00529805057883568	0.0157896079406802	1208	1.52765281927012	0.0421052631578947	0.169811320754717	0.0425082924629664	0.169811320754717	UCEC
CACNA1S	0.00898730759337836	0.017759787663285	1208	1.82876362131498	0.0421052631578947	0.132075471698113	0.0238578511375023	0.132075471698113	UCEC
DENND3	0.00779534171060359	0.0165234838208476	1208	3.29551999750164	0.0210526315789474	0.150943396226415	0.00654335130722496	0.150943396226415	UCEC
NCOR1	0.0172548656766998	0.0261111314507488	1208	1.43705876192367	0.0315789473684211	0.132075471698113	0.0348984804469205	0.132075471698113	UCEC
PDZRN4	0.00679622226881748	0.0165234838208476	1208	1.6465309603148	0.0315789473684211	0.150943396226415	0.0331259297333903	0.150943396226415	UCEC
PLXNB2	0.024113995136571	0.033768532577719	1208	2.36362293505075	0.0210526315789474	0.0943396226415094	0.00970476577154204	0.0943396226415094	UCEC
CCDC147	0.0038025014335382	0.0135749612254866	1208	2.13919023716578	0.0210526315789474	0.150943396226415	0.0205041401530475	0.150943396226415	UCEC
ARHGAP17	0.0275875894695672	0.037002176821469	1208	1.87179871375415	0.0315789473684211	0.0943396226415094	0.0157729237521264	0.0943396226415094	UCEC
FRMPD2	0.0077953715477903	0.0165234838208476	1208	3.29552291873972	0.0105263157894737	0.150943396226415	0.00654333231763594	0.150943396226415	UCEC
PCDH10	0.00192382956694816	0.0120026830416687	1208	2.26168218726195	0.0210526315789474	0.169811320754717	0.0208639615920567	0.169811320754717	UCEC
PCDH17	0.00191627830787009	0.0120026830416687	1208	2.27944612867422	0.0210526315789474	0.169811320754717	0.0205041401530475	0.169811320754717	UCEC
HELZ	0.00747417288299883	0.0165234838208476	1208	1.59835164019011	0.0315789473684211	0.150943396226415	0.0347042427958148	0.150943396226415	UCEC
COPA	0.00071926140317388	0.0115195847814777	1208	2.90149783601314	0.0105263157894737	0.207547169811321	0.0141851582306569	0.207547169811321	UCEC
WDR72	0.0233400845053087	0.0328369345321429	1208	3.73291700454772	0.0210526315789474	0.132075471698113	0.00362724420708118	0.132075471698113	UCEC
RASAL2	0.0174212058781294	0.0261111314507488	1208	2.96435281311012	0.0210526315789474	0.113207547169811	0.00654335130722496	0.113207547169811	UCEC
THSD7A	0.00775777899682392	0.0165234838208476	1208	1.98293609743345	0.0210526315789474	0.132075471698113	0.0205190845651579	0.132075471698113	UCEC
ZBTB41	0.00386487068105959	0.0135749612254866	1208	3.56412884413069	0.0105263157894737	0.188679245283019	0.00654333231763594	0.188679245283019	UCEC
TNC	0.0038025014335382	0.0135749612254866	1208	2.13919023716578	0.0210526315789474	0.150943396226415	0.0205041401530475	0.150943396226415	UCEC
PTK2B	0.0167960952631906	0.0261111314507488	1208	1.4495593551603	0.0315789473684211	0.132075471698113	0.0344798924005695	0.132075471698113	UCEC
CDC42BPA	0.0114681916332778	0.0204827867114455	1208	3.14001261939642	0.0105263157894737	0.132075471698113	0.00654333231763594	0.132075471698113	UCEC
PARD3B	0.0275985792705461	0.037002176821469	1208	2.76098076835642	0.0105263157894737	0.0943396226415094	0.00654333231763594	0.0943396226415094	UCEC
GPR179	0.0166183018706378	0.0261111314507488	1208	1.79025911136199	0.0210526315789474	0.113207547169811	0.0208639615920567	0.113207547169811	UCEC
SMARCA4	0.00543388228269602	0.0157896079406802	1208	3.43577881024816	0.0105263157894737	0.169811320754717	0.00654333231763594	0.169811320754717	UCEC
SMC4	0.00380250143353818	0.0135749612254866	1208	2.13919023716578	0.0210526315789474	0.150943396226415	0.0205041401530475	0.150943396226415	UCEC
MSH4	0.00779537154779023	0.0165234838208476	1208	3.29552291873972	0.0105263157894737	0.150943396226415	0.00654333231763594	0.150943396226415	UCEC
RFC1	0.00808422019158027	0.0165473115795359	1208	1.93281810821645	0.0315789473684211	0.132075471698113	0.0215509386308043	0.132075471698113	UCEC
NLRP5	0.0181417627888756	0.0266137898776612	1208	1.71291278971669	0.0315789473684211	0.113207547169811	0.0225040045360673	0.113207547169811	UCEC
NLRP4	0.0174212471448038	0.0261111314507488	1208	2.9643557343482	0.0105263157894737	0.113207547169811	0.00654333231763594	0.113207547169811	UCEC
KIF1A	0.0258339394106917	0.0355834844572062	1208	1.98059434973681	0.0105263157894737	0.0943396226415094	0.0141699898986276	0.0943396226415094	UCEC
ERCC6	0.00403279566363779	0.0135749612254866	1208	2.04333576175013	0.0210526315789474	0.150943396226415	0.0225203812217053	0.150943396226415	UCEC
ABI3BP	0.0174535028228036	0.0261111314507488	1208	1.43180281084606	0.0315789473684211	0.132075471698113	0.0350759373031046	0.132075471698113	UCEC
COPB1	0.013199584334489	0.0227159133592403	1208	2.13103889108413	0.0105263157894737	0.113207547169811	0.0149287204330362	0.113207547169811	UCEC
ABL2	0.0219461461063665	0.0310492759988013	1208	1.33214373946263	0.0421052631578947	0.132075471698113	0.0386097702973379	0.132075471698113	UCEC
TEK	0.00265150728917298	0.0135749612254866	1208	1.8723193014066	0.0210526315789474	0.169811320754717	0.030493182931814	0.169811320754717	UCEC
SHROOM4	0.0038902833119873	0.0135749612254866	1208	2.09703743900973	0.0210526315789474	0.150943396226415	0.0213680588604921	0.150943396226415	UCEC
ZBTB33	0.00697594070482078	0.0165234838208476	1208	2.45309709659434	0.0315789473684211	0.132075471698113	0.0129218652375401	0.132075471698113	UCEC
GPR116	0.029095341582694	0.0387339745651548	1208	1.22155006698083	0.0315789473684211	0.132075471698113	0.0429309996365579	0.132075471698113	UCEC
WDR64	0.0267764928500607	0.0364498024292268	1208	1.45614403296235	0.0315789473684211	0.113207547169811	0.0289015629421081	0.113207547169811	UCEC
ACSL4	0.0156454247926031	0.0256156353333781	1208	1.48339062937943	0.0315789473684211	0.132075471698113	0.0333711814439035	0.132075471698113	UCEC
TMC5	0.0366580002023948	0.0471546744298361	1208	1.29732478227225	0.0315789473684211	0.113207547169811	0.0337085847758044	0.113207547169811	UCEC
FAM179B	0.00786162606436817	0.0165234838208476	1208	1.96591599641021	0.0210526315789474	0.132075471698113	0.0208639615920567	0.132075471698113	UCEC
ANO5	0.00369037567121457	0.0135749612254866	1208	2.46562295518805	0.0210526315789474	0.150943396226415	0.0148785553086843	0.150943396226415	UCEC
ANO2	0.00779537154779022	0.0165234838208476	1208	3.29552291873972	0.0105263157894737	0.150943396226415	0.00654333231763594	0.150943396226415	UCEC
USP54	0.0174212471448038	0.0261111314507488	1208	2.9643557343482	0.0105263157894737	0.113207547169811	0.00654333231763594	0.113207547169811	UCEC
CSGALNACT1	0.00369037567121457	0.0135749612254866	1208	2.46562295518806	0.0210526315789474	0.150943396226415	0.0148785553086843	0.150943396226415	UCEC
NARG2	0.00255651387513106	0.0135749612254866	1208	1.89846395675868	0.0210526315789474	0.169811320754717	0.0297296749903666	0.169811320754717	UCEC
DUOX2	0.00534675917318166	0.0157896079406802	1208	1.7884160515209	0.0315789473684211	0.150943396226415	0.0288705705105119	0.150943396226415	UCEC
PCNXL2	0.00213459170710053	0.0121166554860697	1208	2.67047690600717	0.0105263157894737	0.169811320754717	0.0139608078354116	0.169811320754717	UCEC
FAM161A	0.00658901979358749	0.0165234838208476	1208	1.66302077506602	0.0210526315789474	0.150943396226415	0.0326018307504903	0.150943396226415	UCEC
TOP2B	0.0083526638299086	0.016783078519936	1208	1.89767863674011	0.0315789473684211	0.132075471698113	0.0223044985966274	0.132075471698113	UCEC
CNTN1	0.0266840274142927	0.0364127604313921	1208	1.45806090995634	0.0315789473684211	0.113207547169811	0.0288478119246743	0.113207547169811	UCEC
LZTR1	0.00190318242952906	0.0120026830416687	1208	2.33538134636458	0.0210526315789474	0.169811320754717	0.0194103736084919	0.169811320754717	UCEC
DNA2	0.032236476070417	0.0424667091040977	1208	1.18363802946083	0.0421052631578947	0.132075471698113	0.044516002605384	0.132075471698113	UCEC
KDM5A	0.0366219688675547	0.0471546744298361	1208	1.29778368762585	0.0315789473684211	0.113207547169811	0.033693640363694	0.113207547169811	UCEC
PHLDB2	0.000986764203922219	0.0115195847814777	1208	2.35838755801936	0.0210526315789474	0.188679245283019	0.0215203165037662	0.188679245283019	UCEC
KIF21B	0.00363069446461542	0.0135749612254866	1208	2.30851938957523	0.0210526315789474	0.150943396226415	0.0173656945593259	0.150943396226415	UCEC
SV2C	0.018322821771275	0.0268013394931234	1208	1.70484924046086	0.0315789473684211	0.113207547169811	0.0226820676945786	0.113207547169811	UCEC
C12orf35	0.0114681916332779	0.0204827867114455	1208	3.14001261939642	0.0105263157894737	0.132075471698113	0.00654333231763594	0.132075471698113	UCEC
ABCA6	0.00398109685865784	0.0135749612254866	1208	2.06129266259359	0.0210526315789474	0.150943396226415	0.0221284629849895	0.150943396226415	UCEC
RPGRIP1L	0.00807214129881059	0.0165473115795359	1208	2.7515357688681	0.0210526315789474	0.132075471698113	0.00961978493767985	0.132075471698113	UCEC
NFE2L2	0.0301122176376024	0.0399118954828222	1208	1.20873045853166	0.0315789473684211	0.132075471698113	0.0434608281046969	0.132075471698113	UCEC
SCAND3	0.00385437864165706	0.0135749612254866	1208	2.1131373117196	0.0210526315789474	0.150943396226415	0.0210339686211866	0.150943396226415	UCEC
TRPC3	0.00352571047906106	0.0135749612254866	1208	1.70520012054672	0.0315789473684211	0.169811320754717	0.035840945778187	0.169811320754717	UCEC
DLC1	0.00710802175824261	0.0165234838208476	1208	2.13417678262767	0.0210526315789474	0.132075471698113	0.0176899894831077	0.132075471698113	UCEC
MAP3K15	0.00816524151253521	0.0166052219723293	1208	1.92173014516278	0.0210526315789474	0.132075471698113	0.0217859894601723	0.132075471698113	UCEC
PPRC1	0.0174233246949425	0.0261111314507488	1208	1.43259545012181	0.0315789473684211	0.132075471698113	0.0350491198227136	0.132075471698113	UCEC
CCDC132	0.0187041991448821	0.027121133866898	1208	1.23825938407998	0.0526315789473684	0.150943396226415	0.0490099466477142	0.150943396226415	UCEC
ABCC9	0.00738052635893877	0.0165234838208476	1208	1.60454545598368	0.0315789473684211	0.150943396226415	0.0344973477680635	0.150943396226415	UCEC
MEGF10	0.0113577278774818	0.0204827867114455	1208	1.65852413447201	0.0210526315789474	0.132075471698113	0.0281609104781789	0.132075471698113	UCEC
PREX1	0.00373828750482329	0.0135749612254866	1208	2.17832033038226	0.0210526315789474	0.150943396226415	0.0197328325282824	0.150943396226415	UCEC
OVCH1	0.013868510967912	0.0234925112920571	1208	1.54436700122894	0.0315789473684211	0.132075471698113	0.0314592271820778	0.132075471698113	UCEC
MYO3B	0.0125855263586386	0.0220611720741334	1208	1.59742349476875	0.0210526315789474	0.132075471698113	0.0298821936171684	0.132075471698113	UCEC
DENND4B	0.0197048274958779	0.0283832167266649	1208	1.64911840447901	0.0315789473684211	0.113207547169811	0.0239509106147519	0.113207547169811	UCEC
MLLT4	0.0130082289150042	0.0224946127962585	1208	2.1839693157286	0.0105263157894737	0.113207547169811	0.0141699898986276	0.113207547169811	UCEC
NRXN2	0.0174212471448039	0.0261111314507488	1208	2.9643557343482	0.0105263157894737	0.113207547169811	0.00654333231763594	0.113207547169811	UCEC
ADNP	0.0010089987333593	0.0115195847814777	1208	2.49939115934575	0.0210526315789474	0.188679245283019	0.018743144701576	0.188679245283019	UCEC
TMC3	0.00362712120777707	0.0135749612254866	1208	2.33195963580366	0.0210526315789474	0.150943396226415	0.0169701995126575	0.150943396226415	UCEC
BRDT	0.0168149545353808	0.0261111314507488	1208	1.44903515664039	0.0315789473684211	0.132075471698113	0.0344973477680635	0.132075471698113	UCEC
CLCN5	0.00779537154779022	0.0165234838208476	1208	3.29552291873972	0.0105263157894737	0.150943396226415	0.00654333231763594	0.150943396226415	UCEC
ERCC6L	0.0177853609766971	0.0263644254046805	1208	1.72939925208346	0.0315789473684211	0.113207547169811	0.0221441830970581	0.113207547169811	UCEC
NTRK3	0.00922955759855987	0.0179951800224694	1208	2.91926202596301	0.0210526315789474	0.132075471698113	0.00814644952981428	0.132075471698113	UCEC
FHOD3	0.0166183018706378	0.0261111314507488	1208	1.79025911136199	0.0210526315789474	0.113207547169811	0.0208639615920567	0.113207547169811	UCEC
COL14A1	0.0163181455154411	0.0259966654588797	1208	1.80802305277426	0.0210526315789474	0.113207547169811	0.0205041401530475	0.113207547169811	UCEC
CDC73	0.00780413775089648	0.0165234838208476	1208	1.97519636583169	0.0210526315789474	0.132075471698113	0.0206752167287976	0.132075471698113	UCEC
AKAP3	0.0164911701054247	0.0261111314507488	1208	1.79765921500977	0.0210526315789474	0.113207547169811	0.0207133222162635	0.113207547169811	UCEC
SMC1B	0.00779537154779026	0.0165234838208476	1208	3.29552291873972	0.0105263157894737	0.150943396226415	0.00654333231763594	0.150943396226415	UCEC
TRIOBP	0.0174212471448039	0.0261111314507488	1208	2.9643557343482	0.0105263157894737	0.113207547169811	0.00654333231763594	0.113207547169811	UCEC
FAM91A1	0.0151121436687433	0.0249943587294545	1208	1.8922098012988	0.0210526315789474	0.113207547169811	0.0188798829030354	0.113207547169811	UCEC
ZFYVE20	0.0127790786117787	0.0223485969703677	1208	1.5888087209224	0.0315789473684211	0.132075471698113	0.0301329434092202	0.132075471698113	UCEC
TCP11L2	0.00685554791625889	0.0165234838208476	1208	2.35962620077682	0.0105263157894737	0.132075471698113	0.0141699898986276	0.132075471698113	UCEC
ATP8B4	0.00779537154779026	0.0165234838208476	1208	3.29552291873972	0.0105263157894737	0.150943396226415	0.00654333231763594	0.150943396226415	UCEC
FRMD7	0.00754081211708372	0.0165234838208476	1208	2.02281003103896	0.0210526315789474	0.132075471698113	0.0197328325282824	0.132075471698113	UCEC
SAGE1	0.0390622264958824	0.0493091263452618	1208	1.26808372366459	0.0315789473684211	0.113207547169811	0.0346741300516751	0.113207547169811	UCEC
RUNX1T1	0.00776290805665208	0.0165234838208476	1208	1.98206794849093	0.0210526315789474	0.132075471698113	0.020536539932652	0.132075471698113	UCEC
PHC3	0.00709750970643587	0.0165234838208476	1208	2.13793236708651	0.0105263157894737	0.132075471698113	0.01762484656436	0.132075471698113	UCEC
MDGA2	0.0339335951392125	0.0445083873744358	1208	1.33399055631028	0.0315789473684211	0.113207547169811	0.0325345003713332	0.113207547169811	UCEC
HIPK1	0.0117528344928358	0.0208189131520221	1208	1.63750905171342	0.0210526315789474	0.132075471698113	0.0287417870486847	0.132075471698113	UCEC
DDX46	0.0279192341208021	0.0373339915518897	1208	1.43333050247158	0.0210526315789474	0.113207547169811	0.0295487813361874	0.113207547169811	UCEC
SEC24D	0.00122094819712658	0.0120026830416687	1208	2.78374242551109	0.0105263157894737	0.188679245283019	0.0141699898986276	0.188679245283019	UCEC
ADCY2	0.00193530777314211	0.0120026830416687	1208	2.24008543688693	0.0210526315789474	0.169811320754717	0.0213097497872843	0.169811320754717	UCEC
ADCY10	0.0114681916332778	0.0204827867114455	1208	3.14001261939642	0.0105263157894737	0.132075471698113	0.00654333231763594	0.132075471698113	UCEC
WDR36	0.0138869761350695	0.023497447861243	1208	1.54366654527689	0.0315789473684211	0.132075471698113	0.0314805767615663	0.132075471698113	UCEC
PCDHA3	0.017693858092477	0.0263143893481622	1208	1.42556310236724	0.0421052631578947	0.132075471698113	0.0352877378239031	0.132075471698113	UCEC
MAGED1	0.00380250143353816	0.0135749612254866	1208	2.13919023716578	0.0210526315789474	0.150943396226415	0.0205041401530475	0.150943396226415	UCEC
TLR10	0.00688734752638854	0.0165234838208476	1208	2.24849947778644	0.0210526315789474	0.132075471698113	0.0158091528315601	0.132075471698113	UCEC
ASXL2	0.00797218811289944	0.0165234838208476	1208	2.73348278607167	0.0210526315789474	0.132075471698113	0.00979331161055386	0.132075471698113	UCEC
NRD1	0.00192793303249578	0.0120026830416687	1208	2.25339320322804	0.0210526315789474	0.169811320754717	0.0210339686211866	0.169811320754717	UCEC
PTPRG	0.0358152741276613	0.0463726471353009	1208	1.30823143551645	0.0315789473684211	0.113207547169811	0.0333551308756226	0.113207547169811	UCEC
NACA	0.00899155364818866	0.017759787663285	1208	2.88935652679999	0.0210526315789474	0.132075471698113	0.00839167731378451	0.132075471698113	UCEC
ZNF649	0.00543388228269603	0.0157896079406802	1208	3.43577881024816	0.0105263157894737	0.169811320754717	0.00654333231763594	0.169811320754717	UCEC
ZNF644	0.00779534171060363	0.0165234838208476	1208	3.29551999750164	0.0210526315789474	0.150943396226415	0.00654335130722496	0.150943396226415	UCEC
ZNF280D	0.0114681916332778	0.0204827867114455	1208	3.14001261939642	0.0105263157894737	0.132075471698113	0.00654333231763594	0.132075471698113	UCEC
GCC2	0.00779537154779023	0.0165234838208476	1208	3.29552291873972	0.0105263157894737	0.150943396226415	0.00654333231763594	0.150943396226415	UCEC
NOTCH2	0.0118438757597058	0.0209366700281495	1208	1.63286322313681	0.0315789473684211	0.132075471698113	0.0288717629237004	0.132075471698113	UCEC
PRPF4B	0.00373828750482332	0.0135749612254866	1208	2.17832033038226	0.0210526315789474	0.150943396226415	0.0197328325282824	0.150943396226415	UCEC
WDR17	0.00941885705905541	0.0181821031960621	1208	1.78976379159641	0.0210526315789474	0.132075471698113	0.0247831700771016	0.132075471698113	UCEC
ERBB2IP	0.00922955759855991	0.0179951800224694	1208	2.91926202596301	0.0210526315789474	0.132075471698113	0.00814644952981428	0.132075471698113	UCEC
IREB2	0.0077953715477902	0.0165234838208476	1208	3.29552291873972	0.0105263157894737	0.150943396226415	0.00654333231763594	0.150943396226415	UCEC
BCHE	0.00213459170710054	0.0121166554860697	1208	2.67047690600717	0.0105263157894737	0.169811320754717	0.0139608078354116	0.169811320754717	UCEC
KIF16B	0.0077953715477902	0.0165234838208476	1208	3.29552291873972	0.0105263157894737	0.150943396226415	0.00654333231763594	0.150943396226415	UCEC
AGL	0.00811156555089241	0.0165473115795359	1208	1.92902671794645	0.0210526315789474	0.132075471698113	0.0216310309568505	0.132075471698113	UCEC
PIK3CG	0.0114681916332778	0.0204827867114455	1208	3.14001261939642	0.0105263157894737	0.132075471698113	0.00654333231763594	0.132075471698113	UCEC
ZNF674	0.00411165947430167	0.0137146080919864	1208	2.01843161526947	0.0315789473684211	0.150943396226415	0.0230751699628505	0.150943396226415	UCEC
RPS6KA3	0.00782020366791683	0.0165234838208476	1208	1.97256858041586	0.0210526315789474	0.132075471698113	0.0207284905482929	0.132075471698113	UCEC
CDON	0.017421247144804	0.0261111314507488	1208	2.9643557343482	0.0105263157894737	0.113207547169811	0.00654333231763594	0.113207547169811	UCEC
ARID2	0.0139285034907713	0.0235413520968182	1208	1.54209718474678	0.0210526315789474	0.132075471698113	0.0315284610563341	0.132075471698113	UCEC
NLRP10	0.0114681916332778	0.0204827867114455	1208	3.14001261939642	0.0105263157894737	0.132075471698113	0.00654333231763594	0.132075471698113	UCEC
ATP12A	0.0134959875777721	0.0230423019548176	1208	2.54904016818139	0.0315789473684211	0.113207547169811	0.00987887837026863	0.113207547169811	UCEC
ATF6	0.0021311487130934	0.0121166554860697	1208	2.66812597383578	0.0105263157894737	0.169811320754717	0.013993207615016	0.169811320754717	UCEC
MIA3	0.00779537154779019	0.0165234838208476	1208	3.29552291873972	0.0105263157894737	0.150943396226415	0.00654333231763594	0.150943396226415	UCEC
DRP2	0.00686381343016052	0.0165234838208476	1208	2.37471071515543	0.0105263157894737	0.132075471698113	0.0139608078354116	0.132075471698113	UCEC
MAP4	0.0375821440135553	0.0478404545951829	1208	1.56185065311732	0.0421052631578947	0.0943396226415094	0.0213815432928707	0.0943396226415094	UCEC
DEPDC5	0.0114681916332778	0.0204827867114455	1208	3.14001261939643	0.0105263157894737	0.132075471698113	0.00654333231763594	0.132075471698113	UCEC
NAA15	0.00779537154779019	0.0165234838208476	1208	3.29552291873972	0.0105263157894737	0.150943396226415	0.00654333231763594	0.150943396226415	UCEC
POSTN	0.0256530791818041	0.0353989065239324	1208	1.26966514441846	0.0315789473684211	0.132075471698113	0.0409969567886436	0.132075471698113	UCEC
CARD6	0.00922955759855985	0.0179951800224694	1208	2.91926202596301	0.0210526315789474	0.132075471698113	0.00814644952981428	0.132075471698113	UCEC
RB1CC1	0.00886594735177123	0.0175806383838928	1208	2.87280499145327	0.0210526315789474	0.132075471698113	0.00853053358070656	0.132075471698113	UCEC
SNRNP200	0.0398006356758987	0.0498663022440157	1208	1.51903516274117	0.0210526315789474	0.0943396226415094	0.02229603082646	0.0943396226415094	UCEC
SP100	0.00190545188557916	0.0120026830416687	1208	2.3185762218907	0.0210526315789474	0.169811320754717	0.0197328325282824	0.169811320754717	UCEC
EPX	0.0350655665388971	0.0456759233105807	1208	1.61758884615648	0.0210526315789474	0.0943396226415094	0.0202458478746578	0.0943396226415094	UCEC
MCF2L2	0.00543388228269603	0.0157896079406802	1208	3.43577881024816	0.0105263157894737	0.169811320754717	0.00654333231763594	0.169811320754717	UCEC
USP16	0.00377949113689098	0.0135749612254866	1208	2.15213003920844	0.0315789473684211	0.150943396226415	0.0202458668642468	0.150943396226415	UCEC
ARHGEF15	0.00775777899682391	0.0165234838208476	1208	1.98293609743345	0.0210526315789474	0.132075471698113	0.0205190845651579	0.132075471698113	UCEC
SH3TC1	0.00802240019810953	0.0165234838208476	1208	2.74265478609076	0.0210526315789474	0.132075471698113	0.00970476577154204	0.132075471698113	UCEC
TLR2	0.0252030605151455	0.0350661366835956	1208	1.4903841221345	0.0210526315789474	0.113207547169811	0.0279559176802948	0.113207547169811	UCEC
ROCK2	0.00686381343016051	0.0165234838208476	1208	2.37471071515543	0.0105263157894737	0.132075471698113	0.0139608078354116	0.132075471698113	UCEC
HSPH1	0.0130114438014096	0.0224946127962585	1208	2.18288404901613	0.0105263157894737	0.113207547169811	0.0141851582306569	0.113207547169811	UCEC
ZNF536	0.00381856857158585	0.0135749612254866	1208	2.13070666517499	0.0210526315789474	0.150943396226415	0.0206752167287976	0.150943396226415	UCEC
ZNF658	0.00775339851280831	0.0165234838208476	1208	1.98367993782248	0.0210526315789474	0.132075471698113	0.0205041401530475	0.132075471698113	UCEC
KIAA1407	0.00523959819171787	0.0157896079406802	1208	1.80229921791209	0.0315789473684211	0.150943396226415	0.0284838629081557	0.150943396226415	UCEC
ZC3H12B	0.0119692814073014	0.0211033654684159	1208	1.62657682142048	0.0315789473684211	0.132075471698113	0.0290485452073119	0.132075471698113	UCEC
C11orf41	0.00781911132707683	0.0165234838208476	1208	1.57587112532135	0.0315789473684211	0.150943396226415	0.0354652603656882	0.150943396226415	UCEC
LMO7	0.0174212471448038	0.0261111314507488	1208	2.9643557343482	0.0105263157894737	0.113207547169811	0.00654333231763594	0.113207547169811	UCEC
SLC4A4	0.0340131513569908	0.0445354174180356	1208	1.64377817999895	0.0210526315789474	0.0943396226415094	0.0197328325282824	0.0943396226415094	UCEC
SLC4A7	0.00192793303249579	0.0120026830416687	1208	2.25339320322804	0.0210526315789474	0.169811320754717	0.0210339686211866	0.169811320754717	UCEC
IGSF1	0.0311001266773094	0.0411131158437572	1208	1.19678861043291	0.0421052631578947	0.132075471698113	0.0439599899003242	0.132075471698113	UCEC
EGF	0.00775339851280831	0.0165234838208476	1208	1.98367993782248	0.0210526315789474	0.132075471698113	0.0205041401530475	0.132075471698113	UCEC
CEP170	0.00377261803725347	0.0135749612254866	1208	2.15620201074417	0.0210526315789474	0.150943396226415	0.0201652529448153	0.150943396226415	UCEC
CENPC1	0.0114681916332778	0.0204827867114455	1208	3.14001261939642	0.0105263157894737	0.132075471698113	0.00654333231763594	0.132075471698113	UCEC
GRIA4	0.00705847456468151	0.0165234838208476	1208	2.15250013347895	0.0210526315789474	0.132075471698113	0.0173743816076886	0.132075471698113	UCEC
ABCB7	0.0259620248481185	0.0356948312515988	1208	3.81705222229641	0.0105263157894737	0.132075471698113	0.00333552706304367	0.132075471698113	UCEC
ABCB4	0.0068648599163528	0.0165234838208476	1208	2.37734586253636	0.0210526315789474	0.132075471698113	0.0139245787559779	0.132075471698113	UCEC
PSME4	0.0289772760988646	0.0386108149782931	1208	1.09961467844365	0.0421052631578947	0.150943396226415	0.0558911389670039	0.150943396226415	UCEC
TBC1D4	0.0163181455154412	0.0259966654588797	1208	1.80802305277426	0.0210526315789474	0.113207547169811	0.0205041401530475	0.113207547169811	UCEC
TRPM8	0.00779537154779026	0.0165234838208476	1208	3.29552291873972	0.0105263157894737	0.150943396226415	0.00654333231763594	0.150943396226415	UCEC
TRPM2	0.00779537154779026	0.0165234838208476	1208	3.29552291873972	0.0105263157894737	0.150943396226415	0.00654333231763594	0.150943396226415	UCEC
HERC6	0.00801506751807927	0.0165234838208476	1208	1.94266455062732	0.0210526315789474	0.132075471698113	0.0213442868749663	0.132075471698113	UCEC
ASB15	0.00775339851280829	0.0165234838208476	1208	1.98367993782248	0.0210526315789474	0.132075471698113	0.0205041401530475	0.132075471698113	UCEC
CD163L1	0.0045862688081361	0.0147844155830233	1208	1.90596921297686	0.0210526315789474	0.150943396226415	0.0257510826747262	0.150943396226415	UCEC
PIK3R4	0.00380549403640306	0.0135749612254866	1208	2.13757824783423	0.0210526315789474	0.150943396226415	0.020536539932652	0.150943396226415	UCEC
KCNH7	0.0376840056663808	0.0479297412137218	1208	1.55976924632291	0.0210526315789474	0.0943396226415094	0.0214251388395756	0.0943396226415094	UCEC
PCDH18	0.00386487068105956	0.0135749612254866	1208	3.56412884413069	0.0105263157894737	0.188679245283019	0.00654333231763594	0.188679245283019	UCEC
PLEKHH2	0.0038307076735227	0.0135749612254866	1208	3.19948064094427	0.0210526315789474	0.169811320754717	0.00827304077343289	0.169811320754717	UCEC
TP53BP1	0.0159706314991839	0.0258977783572028	1208	1.47344057267407	0.0315789473684211	0.132075471698113	0.033693640363694	0.132075471698113	UCEC
ZNF451	0.00704964641644442	0.0165234838208476	1208	2.15601358069176	0.0210526315789474	0.132075471698113	0.0173144998302773	0.132075471698113	UCEC
ARHGAP30	0.00368426246972927	0.0135749612254866	1208	2.45892935051886	0.0105263157894737	0.150943396226415	0.0149769841861303	0.150943396226415	UCEC
CACNA1A	0.00811156555089243	0.0165473115795359	1208	1.92902671794645	0.0210526315789474	0.132075471698113	0.0216310309568505	0.132075471698113	UCEC
AGBL1	0.0275985792705463	0.037002176821469	1208	2.76098076835642	0.0105263157894737	0.0943396226415094	0.00654333231763594	0.0943396226415094	UCEC
C9	0.0296307779486022	0.0393774014778698	1208	1.40187025880007	0.0315789473684211	0.113207547169811	0.0304644004108477	0.113207547169811	UCEC
KLHL4	0.0068638134301605	0.0165234838208476	1208	2.37471071515543	0.0105263157894737	0.132075471698113	0.0139608078354116	0.132075471698113	UCEC
COL6A5	0.033970398543348	0.0445180157840406	1208	1.64488446449685	0.0210526315789474	0.0943396226415094	0.0197114445371159	0.0943396226415094	UCEC
PCM1	0.0169935194063608	0.0261111314507488	1208	1.44411642587508	0.0315789473684211	0.132075471698113	0.0346615529613186	0.132075471698113	UCEC
NCOR2	0.0275985792705463	0.037002176821469	1208	2.76098076835641	0.0105263157894737	0.0943396226415094	0.00654333231763594	0.0943396226415094	UCEC
ZNF318	0.0130815606576151	0.0225641988055438	1208	2.16126771529191	0.0105263157894737	0.113207547169811	0.0144906363035506	0.113207547169811	UCEC
ALS2	0.0128671402399564	0.0224528634583622	1208	2.24866243061804	0.0105263157894737	0.113207547169811	0.0132941106989517	0.113207547169811	UCEC
CCDC146	0.00380250143353818	0.0135749612254866	1208	2.13919023716578	0.0210526315789474	0.150943396226415	0.0205041401530475	0.150943396226415	UCEC
OSBPL6	0.0180964323836215	0.0265915188101732	1208	1.4148510820433	0.0315789473684211	0.132075471698113	0.0356542183100393	0.132075471698113	UCEC
DSE	0.0168350073238516	0.0261111314507488	1208	1.77803608363213	0.0210526315789474	0.113207547169811	0.021115129467693	0.113207547169811	UCEC
NPC1L1	0.00127259700932422	0.0120026830416687	1208	2.82537112676271	0.0105263157894737	0.188679245283019	0.0136000773844694	0.188679245283019	UCEC
COL17A1	0.00377030661251579	0.0135749612254866	1208	2.53022101449873	0.0105263157894737	0.150943396226415	0.0139608078354116	0.150943396226415	UCEC
AGTPBP1	0.0275985792705463	0.037002176821469	1208	2.76098076835642	0.0105263157894737	0.0943396226415094	0.00654333231763594	0.0943396226415094	UCEC
INPP5F	0.0134562347753443	0.0230004193954132	1208	2.54109394908405	0.0210526315789474	0.113207547169811	0.00995690608991296	0.113207547169811	UCEC
COL12A1	0.00238467224666635	0.012868713445403	1208	1.9535703421546	0.0315789473684211	0.169811320754717	0.028180621581865	0.169811320754717	UCEC
THRAP3	0.00727694039362085	0.0165234838208476	1208	2.57289477177814	0.0210526315789474	0.132075471698113	0.0114797329226981	0.132075471698113	UCEC
TANC1	0.0163181455154411	0.0259966654588797	1208	1.80802305277426	0.0210526315789474	0.113207547169811	0.0205041401530475	0.113207547169811	UCEC
GCN1L1	0.0163303715567087	0.0259966654588797	1208	1.80727921238523	0.0210526315789474	0.113207547169811	0.0205190845651579	0.113207547169811	UCEC
SBNO1	0.00489855412815697	0.0154458815422616	1208	1.85162025078414	0.0210526315789474	0.150943396226415	0.027150308046058	0.150943396226415	UCEC
HYOU1	0.0114681916332779	0.0204827867114455	1208	3.14001261939642	0.0105263157894737	0.132075471698113	0.00654333231763594	0.132075471698113	UCEC
CPT1C	0.0167643337851519	0.0261111314507488	1208	1.78197012732808	0.0210526315789474	0.113207547169811	0.0210339686211866	0.113207547169811	UCEC
AIM1	0.0355771422039705	0.0461530804443664	1208	1.31138085880603	0.0315789473684211	0.113207547169811	0.033253734489218	0.113207547169811	UCEC
IQGAP2	0.00779537154779026	0.0165234838208476	1208	3.29552291873972	0.0105263157894737	0.150943396226415	0.00654333231763594	0.150943396226415	UCEC
LRRC16A	0.0200828057469789	0.028887875887361	1208	1.63539560185965	0.0315789473684211	0.113207547169811	0.0242738165910269	0.113207547169811	UCEC
PZP	0.0356151500980352	0.0461530804443664	1208	1.60464808678247	0.0210526315789474	0.0943396226415094	0.0205041401530475	0.0943396226415094	UCEC
SGK269	0.017373045825914	0.0261111314507488	1208	1.26301014245722	0.0421052631578947	0.150943396226415	0.0478691561119215	0.150943396226415	UCEC
DLEC1	0.00949302941678965	0.0182725699984321	1208	1.78354609274463	0.0315789473684211	0.132075471698113	0.0249338902760432	0.132075471698113	UCEC
DCTN1	0.0374994167452683	0.0478404545951829	1208	1.28678866107578	0.0315789473684211	0.113207547169811	0.0340534618027032	0.113207547169811	UCEC
CCDC63	0.00831957685409178	0.0167510798148676	1208	1.90177195181675	0.0315789473684211	0.132075471698113	0.0222154099660791	0.132075471698113	UCEC
UNC13B	0.00190310542746057	0.0120026830416687	1208	2.33622496327649	0.0210526315789474	0.169811320754717	0.019394323040211	0.169811320754717	UCEC
KIAA0528	0.00701241568804394	0.0165234838208476	1208	2.17181064242373	0.0210526315789474	0.132075471698113	0.0170477568581067	0.132075471698113	UCEC
GPR155	0.0154031568035606	0.0253807741877645	1208	1.4910206609715	0.0315789473684211	0.132075471698113	0.0331259297333903	0.132075471698113	UCEC
SHPRH	0.0144717107690889	0.0241728189985205	1208	2.69714810640505	0.0210526315789474	0.113207547169811	0.00853053358070656	0.113207547169811	UCEC
SMG7	0.00215334061338705	0.0121166554860697	1208	2.05434238278286	0.0315789473684211	0.169811320754717	0.0255482187465365	0.169811320754717	UCEC
MAGI2	0.00779537154779022	0.0165234838208476	1208	3.29552291873972	0.0105263157894737	0.150943396226415	0.00654333231763594	0.150943396226415	UCEC
MAGI1	0.00383705278441057	0.0135749612254866	1208	2.12142629575351	0.0210526315789474	0.150943396226415	0.0208639615920567	0.150943396226415	UCEC
PCDHB6	0.0360048063053483	0.0465781355542648	1208	1.3057463904955	0.0315789473684211	0.113207547169811	0.0334353480853043	0.113207547169811	UCEC
KIAA0100	0.0071845569175449	0.0165234838208476	1208	1.6179558454673	0.0315789473684211	0.150943396226415	0.0340534618027032	0.150943396226415	UCEC
NEFM	0.00543388228269603	0.0157896079406802	1208	3.43577881024816	0.0105263157894737	0.169811320754717	0.00654333231763594	0.169811320754717	UCEC
CLASP2	0.00684711924227405	0.0165234838208476	1208	2.32389967011259	0.0210526315789474	0.132075471698113	0.0146778220260467	0.132075471698113	UCEC
CD163	0.0023443910404141	0.0128346915292236	1208	1.9683917138249	0.0315789473684211	0.169811320754717	0.0277775425841187	0.169811320754717	UCEC
ATAD2	0.0171122480260385	0.0261111314507488	1208	1.76306177239682	0.0210526315789474	0.113207547169811	0.0214268673518128	0.113207547169811	UCEC
SHROOM2	0.0134243698538011	0.0229979850896751	1208	2.08534394630497	0.0315789473684211	0.113207547169811	0.0156158141811215	0.113207547169811	UCEC
ZNF600	0.00779537154779026	0.0165234838208476	1208	3.29552291873972	0.0105263157894737	0.150943396226415	0.00654333231763594	0.150943396226415	UCEC
AMPD1	0.0114681916332778	0.0204827867114455	1208	3.14001261939642	0.0105263157894737	0.132075471698113	0.00654333231763594	0.132075471698113	UCEC
PSD3	0.00754081211708372	0.0165234838208476	1208	2.02281003103896	0.0210526315789474	0.132075471698113	0.0197328325282824	0.132075471698113	UCEC
WDR66	0.00781561647576685	0.0165234838208476	1208	1.973316100058	0.0210526315789474	0.132075471698113	0.0207133222162635	0.132075471698113	UCEC
MTPAP	0.012972650826391	0.0224946127962585	1208	2.19670289793582	0.0105263157894737	0.113207547169811	0.013993207615016	0.113207547169811	UCEC
TBCD	0.0360700041637933	0.0465827686188763	1208	1.59428424901799	0.0210526315789474	0.0943396226415094	0.0207133222162635	0.0943396226415094	UCEC
ZSCAN20	0.00386287517308556	0.0135749612254866	1208	2.10920326802365	0.0210526315789474	0.150943396226415	0.021115129467693	0.150943396226415	UCEC
ANKRD27	0.00779537154779019	0.0165234838208476	1208	3.29552291873972	0.0105263157894737	0.150943396226415	0.00654333231763594	0.150943396226415	UCEC
ANKRD28	0.00403385282588333	0.0135749612254866	1208	2.6555530466278	0.0210526315789474	0.150943396226415	0.0123365695749885	0.150943396226415	UCEC
NEK10	0.00775339851280831	0.0165234838208476	1208	1.98367993782248	0.0210526315789474	0.132075471698113	0.0205041401530475	0.132075471698113	UCEC
WDR44	0.0164911701054248	0.0261111314507488	1208	1.79765921500977	0.0210526315789474	0.113207547169811	0.0207133222162635	0.113207547169811	UCEC
JAK1	0.000994418484363087	0.0115195847814777	1208	2.44692625577322	0.0210526315789474	0.188679245283019	0.0197328325282824	0.188679245283019	UCEC
ENPEP	0.00830193576021153	0.0167510798148676	1208	1.54815894517256	0.0315789473684211	0.150943396226415	0.0364255259348044	0.150943396226415	UCEC
COL28A1	0.00377030661251579	0.0135749612254866	1208	2.53022101449873	0.0105263157894737	0.150943396226415	0.0139608078354116	0.150943396226415	UCEC
NUP214	0.00753882898158767	0.0165234838208476	1208	1.59415196324992	0.0315789473684211	0.150943396226415	0.0348452066274252	0.150943396226415	UCEC
TLL1	0.00386400201993466	0.0135749612254866	1208	2.10868761373479	0.0210526315789474	0.150943396226415	0.0211257903034078	0.150943396226415	UCEC
KIAA1797	0.0398944859348565	0.0499424757643481	1208	1.25854657558645	0.0315789473684211	0.113207547169811	0.0349947764565981	0.113207547169811	UCEC
C6orf170	0.00803218336755312	0.0165234838208476	1208	2.74441723380703	0.0210526315789474	0.132075471698113	0.00968784224928567	0.132075471698113	UCEC
MAST4	0.0114681916332778	0.0204827867114455	1208	3.14001261939642	0.0105263157894737	0.132075471698113	0.00654333231763594	0.132075471698113	UCEC
CNKSR2	0.0298157005054326	0.0395535763509295	1208	1.77397723919192	0.0210526315789474	0.0943396226415094	0.0173656945593259	0.0943396226415094	UCEC
DGKB	0.0114681916332778	0.0204827867114455	1208	3.14001261939642	0.0105263157894737	0.132075471698113	0.00654333231763594	0.132075471698113	UCEC
DGKD	0.00733676783563359	0.0165234838208476	1208	2.06786668634702	0.0210526315789474	0.132075471698113	0.0188798829030354	0.132075471698113	UCEC
SCN4A	0.0170592428794695	0.0261111314507488	1208	1.76587025461821	0.0210526315789474	0.113207547169811	0.0213680588604921	0.113207547169811	UCEC
AKAP12	0.0174212471448038	0.0261111314507488	1208	2.9643557343482	0.0105263157894737	0.113207547169811	0.00654333231763594	0.113207547169811	UCEC
EXOC1	0.0114681916332778	0.0204827867114455	1208	3.14001261939642	0.0105263157894737	0.132075471698113	0.00654333231763594	0.132075471698113	UCEC
ADAMTS3	0.00369338241854122	0.0135749612254866	1208	1.68247142483994	0.0315789473684211	0.169811320754717	0.0366347079980204	0.169811320754717	UCEC
COL24A1	0.00779537154779025	0.0165234838208476	1208	3.29552291873972	0.0105263157894737	0.150943396226415	0.00654333231763594	0.150943396226415	UCEC
DIP2A	0.0161101136327628	0.0259966654588797	1208	1.82096381214826	0.0210526315789474	0.113207547169811	0.0202458478746578	0.113207547169811	UCEC
FAM9A	0.00769281534371385	0.0165234838208476	1208	1.99420125888645	0.0315789473684211	0.132075471698113	0.0202938954881515	0.132075471698113	UCEC
PIWIL1	0.00528202790655246	0.0157896079406802	1208	1.79672111290997	0.0315789473684211	0.150943396226415	0.0286386298614582	0.150943396226415	UCEC
EFCAB5	0.0375620021093002	0.0478404545951829	1208	1.56226407255573	0.0421052631578947	0.0943396226415094	0.021372894461882	0.0943396226415094	UCEC
PLA2R1	0.0133896762818964	0.0229645866764421	1208	1.56311330894544	0.0315789473684211	0.132075471698113	0.0308930254929932	0.132075471698113	UCEC
NIN	0.0386028103168954	0.0489335959637827	1208	1.27347122763645	0.0315789473684211	0.113207547169811	0.0344942517889671	0.113207547169811	UCEC
TUBGCP5	0.00562540422668146	0.0161606219759178	1208	3.02831529079657	0.0210526315789474	0.150943396226415	0.00853053358070656	0.150943396226415	UCEC
PHF3	0.00684711924227408	0.0165234838208476	1208	2.32389967011259	0.0210526315789474	0.132075471698113	0.0146778220260467	0.132075471698113	UCEC
KDM5C	0.0167643337851519	0.0261111314507488	1208	1.78197012732808	0.0210526315789474	0.113207547169811	0.0210339686211866	0.113207547169811	UCEC
BTBD7	0.00779537154779019	0.0165234838208476	1208	3.29552291873972	0.0105263157894737	0.150943396226415	0.00654333231763594	0.150943396226415	UCEC
FAM5B	0.0371042481220967	0.0474642549251238	1208	1.2916943540643	0.0315789473684211	0.113207547169811	0.033892463135319	0.113207547169811	UCEC
PLEKHG2	0.0114681916332778	0.0204827867114455	1208	3.14001261939642	0.0105263157894737	0.132075471698113	0.00654333231763594	0.132075471698113	UCEC
KDR	0.00204936275885348	0.0120026830416687	1208	2.6058788466965	0.0210526315789474	0.169811320754717	0.0148785553086843	0.169811320754717	UCEC
SPHKAP	0.0114681558954215	0.0204827867114455	1208	3.14000969815835	0.0210526315789474	0.132075471698113	0.00654335130722496	0.132075471698113	UCEC
ITGA1	0.0114681916332778	0.0204827867114455	1208	3.14001261939643	0.0105263157894737	0.132075471698113	0.00654333231763594	0.132075471698113	UCEC
THSD1	0.0176298145682862	0.0263110924806988	1208	1.25805359878457	0.0421052631578947	0.150943396226415	0.0480955709113752	0.150943396226415	UCEC
IL1RAPL1	0.00476337887438849	0.0151525589035811	1208	2.86639306637481	0.0210526315789474	0.150943396226415	0.0100149187780879	0.150943396226415	UCEC
RNF111	0.00374892296430396	0.0135749612254866	1208	2.51513650012012	0.0105263157894737	0.150943396226415	0.0141699898986276	0.150943396226415	UCEC
ZNF780B	0.0142102800396821	0.0238506454064549	1208	1.97684324843073	0.0210526315789474	0.113207547169811	0.0173743816076886	0.113207547169811	UCEC
KNDC1	0.0174212471448039	0.0261111314507488	1208	2.9643557343482	0.0105263157894737	0.113207547169811	0.00654333231763594	0.113207547169811	UCEC
TIGD4	0.0163446781245594	0.0259966654588797	1208	1.80641106344271	0.0210526315789474	0.113207547169811	0.020536539932652	0.113207547169811	UCEC
PAPLN	0.0265704898522115	0.0363330408748339	1208	2.68623525040792	0.0105263157894737	0.0943396226415094	0.00704758068629335	0.0943396226415094	UCEC
FER1L6	0.00914052291994853	0.0179367923792756	1208	2.90828338101266	0.0105263157894737	0.132075471698113	0.0082356386289291	0.132075471698113	UCEC
DLGAP2	0.00791145662265514	0.0165234838208476	1208	1.5703613813866	0.0315789473684211	0.150943396226415	0.0356542183100393	0.150943396226415	UCEC
NTRK1	0.00802240019810951	0.0165234838208476	1208	2.74265478609076	0.0210526315789474	0.132075471698113	0.00970476577154204	0.132075471698113	UCEC
BMP5	0.00381025414222816	0.0135749612254866	1208	2.55568056315335	0.0105263157894737	0.150943396226415	0.0136146356509797	0.150943396226415	UCEC
CAP2	0.028152632406126	0.0375782929025232	1208	1.42885890980166	0.0315789473684211	0.113207547169811	0.0296772772648019	0.113207547169811	UCEC
PRDM16	0.0104719689103285	0.0199283942361542	1208	1.71161543556743	0.0210526315789474	0.132075471698113	0.0267437480234468	0.132075471698113	UCEC
WWP1	0.0135905184965737	0.0230993315314885	1208	2.56699790104254	0.0210526315789474	0.113207547169811	0.00970476577154204	0.113207547169811	UCEC
CAMSAP1	0.0157152177061823	0.0256156353333781	1208	1.84715314599074	0.0210526315789474	0.113207547169811	0.0197328325282824	0.113207547169811	UCEC
GPR125	0.00779534171060363	0.0165234838208476	1208	3.29551999750164	0.0210526315789474	0.150943396226415	0.00654335130722496	0.150943396226415	UCEC
DDX25	0.0174212471448038	0.0261111314507488	1208	2.9643557343482	0.0105263157894737	0.113207547169811	0.00654333231763594	0.113207547169811	UCEC
MET	0.0163181455154412	0.0259966654588797	1208	1.80802305277426	0.0210526315789474	0.113207547169811	0.0205041401530475	0.113207547169811	UCEC
HLTF	0.0257568071119012	0.035509612724528	1208	1.2680938763033	0.0315789473684211	0.132075471698113	0.0410587776814958	0.132075471698113	UCEC
FLJ43860	0.0165038752956383	0.0261111314507488	1208	1.79691169536764	0.0210526315789474	0.113207547169811	0.0207284905482929	0.113207547169811	UCEC
ATP9A	0.00798553733176039	0.0165234838208476	1208	1.94698171520993	0.0210526315789474	0.132075471698113	0.021254292988983	0.132075471698113	UCEC
DENND2A	0.0267251828712203	0.0364127604313921	1208	1.45720633808859	0.0315789473684211	0.113207547169811	0.0288717629237004	0.113207547169811	UCEC
SAFB	0.00403385677712999	0.0135749612254866	1208	2.65555460514826	0.0105263157894737	0.150943396226415	0.0123365505853995	0.150943396226415	UCEC
ANKS1B	0.00700212522401712	0.0165234838208476	1208	2.17644933646036	0.0210526315789474	0.132075471698113	0.0169701995126575	0.132075471698113	UCEC
DNMT3B	0.0114681558954213	0.0204827867114455	1208	3.14000969815835	0.0210526315789474	0.132075471698113	0.00654335130722496	0.132075471698113	UCEC
COL15A1	0.00543388228269604	0.0157896079406802	1208	3.43577881024817	0.0105263157894737	0.169811320754717	0.00654333231763594	0.169811320754717	UCEC
SETBP1	0.00579353580162719	0.0163321503661542	1208	3.05449510133809	0.0210526315789474	0.150943396226415	0.00831193601898684	0.150943396226415	UCEC
SPAG17	0.0394510865544853	0.0496256992790872	1208	1.26359263970486	0.0315789473684211	0.113207547169811	0.0348247694274683	0.113207547169811	UCEC
C12orf4	0.0163181455154411	0.0259966654588797	1208	1.80802305277426	0.0210526315789474	0.113207547169811	0.0205041401530475	0.113207547169811	UCEC
PAPD4	0.031347756918456	0.0414042488669467	1208	1.37307501369713	0.0315789473684211	0.113207547169811	0.0313265023947375	0.113207547169811	UCEC
KCNA6	0.0269536685290443	0.0366579596286102	1208	1.90653421315874	0.0105263157894737	0.0943396226415094	0.0152426571425364	0.0943396226415094	UCEC
ASXL1	0.00900690815743433	0.0177668906343124	1208	1.82687802974535	0.0210526315789474	0.132075471698113	0.0239018034753425	0.132075471698113	UCEC
ZBTB38	0.00408859842885456	0.0136981645809296	1208	2.02544124949956	0.0210526315789474	0.150943396226415	0.0229176809768202	0.150943396226415	UCEC
DDX60L	0.00543388228269604	0.0157896079406802	1208	3.43577881024817	0.0105263157894737	0.169811320754717	0.00654333231763594	0.169811320754717	UCEC
PCDHB14	0.00437768743948545	0.0142865782312365	1208	1.94947877748643	0.0315789473684211	0.150943396226415	0.0246817499576723	0.150943396226415	UCEC
LATS2	0.0140664734901431	0.0237479792665992	1208	1.53693966998764	0.0315789473684211	0.132075471698113	0.0316863238337467	0.132075471698113	UCEC
PTPRC	0.0241958987159463	0.0337892818482393	1208	1.5143231464462	0.0315789473684211	0.113207547169811	0.0273126888136457	0.113207547169811	UCEC
PTPRO	0.03670013046293	0.0471546744298361	1208	1.2967890203343	0.0315789473684211	0.113207547169811	0.0337260401432984	0.113207547169811	UCEC
KIAA2022	0.0116812601765711	0.0207407569057568	1208	1.64121081356667	0.0315789473684211	0.132075471698113	0.0286386298614582	0.132075471698113	UCEC
KIAA1429	0.0363863068316212	0.0469110150363307	1208	1.30080124104994	0.0315789473684211	0.113207547169811	0.0335955318391488	0.113207547169811	UCEC
PI4KA	0.0360700458531338	0.0465827686188763	1208	1.59428331284575	0.0315789473684211	0.0943396226415094	0.0207133412058526	0.0943396226415094	UCEC
GCC1	0.0148847600380866	0.0246881146186047	1208	2.74508637992465	0.0105263157894737	0.113207547169811	0.00813448970841073	0.113207547169811	UCEC
LY75	0.0252940945337171	0.0351604202763998	1208	1.27516946706063	0.0315789473684211	0.132075471698113	0.0407810935681627	0.132075471698113	UCEC
PARP4	0.0174212471448039	0.0261111314507488	1208	2.9643557343482	0.0105263157894737	0.113207547169811	0.00654333231763594	0.113207547169811	UCEC
TRIM67	0.00386400201993467	0.0135749612254866	1208	2.10868761373479	0.0210526315789474	0.150943396226415	0.0211257903034078	0.150943396226415	UCEC
ARAP2	0.00779537154779023	0.0165234838208476	1208	3.29552291873972	0.0105263157894737	0.150943396226415	0.00654333231763594	0.150943396226415	UCEC
C7orf58	0.0165038752956383	0.0261111314507488	1208	1.79691169536764	0.0210526315789474	0.113207547169811	0.0207284905482929	0.113207547169811	UCEC
ZNF470	0.0348513127748609	0.0454360082854313	1208	1.62276498981026	0.0315789473684211	0.0943396226415094	0.0201434286916944	0.0943396226415094	UCEC
GLDC	0.0157152177061823	0.0256156353333781	1208	1.84715314599074	0.0210526315789474	0.113207547169811	0.0197328325282824	0.113207547169811	UCEC
SGOL2	0.0187209415110355	0.027121133866898	1208	1.68779510578458	0.0210526315789474	0.113207547169811	0.0230632101414469	0.113207547169811	UCEC
AOX1	0.0114681916332778	0.0204827867114455	1208	3.14001261939642	0.0105263157894737	0.132075471698113	0.00654333231763594	0.132075471698113	UCEC
DIS3L2	0.0146421087650377	0.0243658880440221	1208	1.51631333192071	0.0421052631578947	0.132075471698113	0.0323253372977062	0.132075471698113	UCEC
C15orf55	0.00190536426771257	0.0120026830416687	1208	2.31907482955832	0.0210526315789474	0.169811320754717	0.019723190045853	0.169811320754717	UCEC
C1orf173	0.0274692877497739	0.037002176821469	1208	1.44212572596069	0.0210526315789474	0.113207547169811	0.029297613460551	0.113207547169811	UCEC
BACH1	0.00383705278441059	0.0135749612254866	1208	2.12142629575351	0.0210526315789474	0.150943396226415	0.0208639615920567	0.150943396226415	UCEC
RPS6KA6	0.015021651141774	0.0248878452579172	1208	1.89961804956327	0.0210526315789474	0.113207547169811	0.018743144701576	0.113207547169811	UCEC
RNF219	0.00779537154779025	0.0165234838208476	1208	3.29552291873972	0.0105263157894737	0.150943396226415	0.00654333231763594	0.150943396226415	UCEC
RGPD8	0.0279798017221456	0.0373806192768895	1208	3.8762165134709	0.0105263157894737	0.132075471698113	0.00314450993164974	0.132075471698113	UCEC
RAB11FIP1	0.00779537154779026	0.0165234838208476	1208	3.29552291873972	0.0105263157894737	0.150943396226415	0.00654333231763594	0.150943396226415	UCEC
AP3B1	0.0114681916332778	0.0204827867114455	1208	3.14001261939642	0.0105263157894737	0.132075471698113	0.00654333231763594	0.132075471698113	UCEC
DZIP1L	0.0174212471448038	0.0261111314507488	1208	2.9643557343482	0.0105263157894737	0.113207547169811	0.00654333231763594	0.113207547169811	UCEC
TRHDE	0.0114681916332778	0.0204827867114455	1208	3.14001261939642	0.0105263157894737	0.132075471698113	0.00654333231763594	0.132075471698113	UCEC
MCTP1	0.0135598407081288	0.0230993315314885	1208	2.56130403096846	0.0210526315789474	0.113207547169811	0.00975964022770122	0.113207547169811	UCEC
SH3PXD2A	0.0186552595967981	0.0270779586757382	1208	1.40134083340258	0.0315789473684211	0.132075471698113	0.0361216672604011	0.132075471698113	UCEC
ZNF229	0.0121365628018745	0.0213484824140074	1208	1.61838639655487	0.0210526315789474	0.132075471698113	0.0292804471236798	0.132075471698113	UCEC
UBR3	0.0114681916332778	0.0204827867114455	1208	3.14001261939642	0.0105263157894737	0.132075471698113	0.00654333231763594	0.132075471698113	UCEC
UBR2	0.00560132059232555	0.016151899646954	1208	1.75790551832275	0.0210526315789474	0.150943396226415	0.0297384034468149	0.150943396226415	UCEC
COL27A1	0.024147892780574	0.0337846907328216	1208	2.37601861942683	0.0315789473684211	0.0943396226415094	0.00958635716408544	0.0943396226415094	UCEC
TLK1	0.0135620557521231	0.0230993315314885	1208	2.56171925579093	0.0210526315789474	0.113207547169811	0.0097556281499783	0.113207547169811	UCEC
FAM47C	0.00197556153562089	0.0120026830416687	1208	2.1861233344544	0.0210526315789474	0.169811320754717	0.0224647180993928	0.169811320754717	UCEC
C10orf71	0.0114681916332778	0.0204827867114455	1208	3.14001261939642	0.0105263157894737	0.132075471698113	0.00654333231763594	0.132075471698113	UCEC
SPAG16	0.0356151500980352	0.0461530804443664	1208	1.60464808678247	0.0210526315789474	0.0943396226415094	0.0205041401530475	0.0943396226415094	UCEC
OCA2	0.00373828750482335	0.0135749612254866	1208	2.17832033038226	0.0210526315789474	0.150943396226415	0.0197328325282824	0.150943396226415	UCEC
AK7	0.003734751150104	0.0135749612254866	1208	2.50440893829865	0.0105263157894737	0.150943396226415	0.0143206292744208	0.150943396226415	UCEC
ROBO4	0.0361033282191756	0.0465859341922923	1208	1.59353672937585	0.0210526315789474	0.0943396226415094	0.0207284905482929	0.0943396226415094	UCEC
ANKRD12	0.0227060800415069	0.0319747315402767	1208	1.55324933455307	0.0210526315789474	0.113207547169811	0.0262973584208111	0.113207547169811	UCEC
TLR5	0.0332582046040831	0.0436983888319736	1208	1.66384742708914	0.0210526315789474	0.0943396226415094	0.0193483429290618	0.0943396226415094	UCEC
ARID4B	0.0275985792705463	0.037002176821469	1208	2.76098076835642	0.0105263157894737	0.0943396226415094	0.00654333231763594	0.0943396226415094	UCEC
SYNPO2	0.00390195933436385	0.0135749612254866	1208	2.09207618174881	0.0210526315789474	0.150943396226415	0.0214720527506721	0.150943396226415	UCEC
SUPT5H	0.0117528344928357	0.0208189131520221	1208	1.63750905171342	0.0210526315789474	0.132075471698113	0.0287417870486847	0.132075471698113	UCEC
MYH13	0.0185940151510285	0.0270670104944162	1208	1.40279220196599	0.0315789473684211	0.132075471698113	0.036071169047969	0.132075471698113	UCEC
OR4A15	0.00684861358214838	0.0165234838208476	1208	2.31011265584476	0.0210526315789474	0.132075471698113	0.0148785553086843	0.132075471698113	UCEC
ATAD2B	0.0133726792247977	0.0229614980780334	1208	2.52348489607764	0.0210526315789474	0.113207547169811	0.0101319983972288	0.113207547169811	UCEC
NCKAP5L	0.0077953715477902	0.0165234838208476	1208	3.29552291873972	0.0105263157894737	0.150943396226415	0.00654333231763594	0.150943396226415	UCEC
SH3TC2	0.00801506751807928	0.0165234838208476	1208	1.94266455062732	0.0210526315789474	0.132075471698113	0.0213442868749663	0.132075471698113	UCEC
LPHN3	0.00794399586828747	0.0165234838208476	1208	1.95317731439149	0.0210526315789474	0.132075471698113	0.0211257903034078	0.132075471698113	UCEC
USP31	0.0174212471448038	0.0261111314507488	1208	2.9643557343482	0.0105263157894737	0.113207547169811	0.00654333231763594	0.113207547169811	UCEC
DOCK4	0.026710083055705	0.0364127604313921	1208	1.4575196238313	0.0315789473684211	0.113207547169811	0.0288629802567036	0.113207547169811	UCEC
KIAA0408	0.00701042654541249	0.0165234838208476	1208	2.47156615058687	0.0105263157894737	0.132075471698113	0.0126884013215894	0.132075471698113	UCEC
ADAD1	0.00775339851280831	0.0165234838208476	1208	1.98367993782248	0.0210526315789474	0.132075471698113	0.0205041401530475	0.132075471698113	UCEC
EPHA4	0.0114681916332779	0.0204827867114455	1208	3.14001261939642	0.0105263157894737	0.132075471698113	0.00654333231763594	0.132075471698113	UCEC
EPHA3	0.0156038551313666	0.0255998101015146	1208	1.85497061378266	0.0210526315789474	0.113207547169811	0.0195821821237387	0.113207547169811	UCEC
ZMYM6	0.0124489809613737	0.0218471663561389	1208	1.60364910367736	0.0315789473684211	0.132075471698113	0.0297022451447254	0.132075471698113	UCEC
SLC4A2	0.00402525554609989	0.0135749612254866	1208	2.04586744294596	0.0210526315789474	0.150943396226415	0.0224647180993928	0.150943396226415	UCEC
PHTF2	0.0159706314991839	0.0258977783572028	1208	1.47344057267407	0.0315789473684211	0.132075471698113	0.033693640363694	0.132075471698113	UCEC
LRRC4	0.0254610193987363	0.0353274566680355	1208	1.48452142104722	0.0421052631578947	0.113207547169811	0.0281156746352806	0.113207547169811	UCEC
SLC12A1	0.00684861358214846	0.0165234838208476	1208	2.31011265584476	0.0210526315789474	0.132075471698113	0.0148785553086843	0.132075471698113	UCEC
ZAK	0.0142055103699846	0.0238506454064549	1208	1.97735220518371	0.0210526315789474	0.113207547169811	0.0173656945593259	0.113207547169811	UCEC
GABRA4	0.0256419034917645	0.0353989065239324	1208	1.99567886411542	0.0105263157894737	0.0943396226415094	0.0139608078354116	0.0943396226415094	UCEC
GRIA2	0.0077953715477903	0.0165234838208476	1208	3.29552291873972	0.0105263157894737	0.150943396226415	0.00654333231763594	0.150943396226415	UCEC
URB2	0.00754081702379371	0.0165234838208476	1208	2.02280904933292	0.0315789473684211	0.132075471698113	0.0197328515178714	0.132075471698113	UCEC
COL5A2	0.0167643337851519	0.0261111314507488	1208	1.78197012732808	0.0210526315789474	0.113207547169811	0.0210339686211866	0.113207547169811	UCEC
TNRC18	0.0375508030249639	0.0478404545951829	1208	1.56249528862642	0.0210526315789474	0.0943396226415094	0.0213680588604921	0.0943396226415094	UCEC
ZBED1	0.0298157005054326	0.0395535763509295	1208	1.77397723919192	0.0210526315789474	0.0943396226415094	0.0173656945593259	0.0943396226415094	UCEC
LIMK2	0.0128684181038661	0.0224528634583622	1208	2.32438742075674	0.0105263157894737	0.113207547169811	0.0123365505853995	0.113207547169811	UCEC
PTPN22	0.00686381343016051	0.0165234838208476	1208	2.37471071515543	0.0105263157894737	0.132075471698113	0.0139608078354116	0.132075471698113	UCEC
ZFP2	0.0163181455154411	0.0259966654588797	1208	1.80802305277426	0.0210526315789474	0.113207547169811	0.0205041401530475	0.113207547169811	UCEC
ANKMY1	0.0180187181965451	0.0265363383966664	1208	1.71850955879905	0.0315789473684211	0.113207547169811	0.0223812176522478	0.113207547169811	UCEC
PHLPP2	0.00915752543005028	0.0179468494485162	1208	1.81276282808215	0.0421052631578947	0.132075471698113	0.0242333407903327	0.132075471698113	UCEC
DENND5B	0.00382370547630548	0.0135749612254866	1208	2.12807887975916	0.0210526315789474	0.150943396226415	0.0207284905482929	0.150943396226415	UCEC
CGN	0.00502885067627104	0.0157320773744214	1208	1.83174881728436	0.0210526315789474	0.150943396226415	0.0276801365141971	0.150943396226415	UCEC
CEP152	0.00781561647576685	0.0165234838208476	1208	1.973316100058	0.0210526315789474	0.132075471698113	0.0207133222162635	0.132075471698113	UCEC
SEC31A	0.02718985599973	0.0369127335270369	1208	3.8535684500308	0.0105263157894737	0.132075471698113	0.00321630791006528	0.132075471698113	UCEC
SIGLEC8	0.0111037497733323	0.0204827867114455	1208	1.67283232676809	0.0210526315789474	0.132075471698113	0.0277719581964183	0.132075471698113	UCEC
ZNF43	0.0114681916332778	0.0204827867114455	1208	3.14001261939642	0.0105263157894737	0.132075471698113	0.00654333231763594	0.132075471698113	UCEC
KCNH5	0.00686381343016053	0.0165234838208476	1208	2.37471071515543	0.0105263157894737	0.132075471698113	0.0139608078354116	0.132075471698113	UCEC
DPYD	0.0209183268032311	0.0299031142854137	1208	1.60695039962367	0.0315789473684211	0.113207547169811	0.024956724940085	0.113207547169811	UCEC
CDCA2	0.0356151500980351	0.0461530804443664	1208	1.60464808678247	0.0210526315789474	0.0943396226415094	0.0205041401530475	0.0943396226415094	UCEC
ZNF841	0.0262379879197143	0.0360087191159748	1208	1.95148295179642	0.0105263157894737	0.0943396226415094	0.0145824579857718	0.0943396226415094	UCEC
ZNF333	0.0263276957996604	0.0360990456926379	1208	1.46555392851845	0.0315789473684211	0.113207547169811	0.0286386298614582	0.113207547169811	UCEC
RICTOR	0.00745590671956311	0.0165234838208476	1208	2.04045877242475	0.0210526315789474	0.132075471698113	0.019394323040211	0.132075471698113	UCEC
CHEK2	0.0157152177061823	0.0256156353333781	1208	1.84715314599074	0.0210526315789474	0.113207547169811	0.0197328325282824	0.113207547169811	UCEC
DDR2	0.0170025496205787	0.0261111314507488	1208	1.76890204585757	0.0210526315789474	0.113207547169811	0.0213047515783206	0.113207547169811	UCEC
AGBL5	0.0275985792705461	0.037002176821469	1208	2.76098076835642	0.0105263157894737	0.0943396226415094	0.00654333231763594	0.0943396226415094	UCEC
ZNF107	0.0114681916332778	0.0204827867114455	1208	3.14001261939642	0.0105263157894737	0.132075471698113	0.00654333231763594	0.132075471698113	UCEC
C7	0.0038025014335382	0.0135749612254866	1208	2.13919023716578	0.0210526315789474	0.150943396226415	0.0205041401530475	0.150943396226415	UCEC
KIAA1211	0.00543388228269603	0.0157896079406802	1208	3.43577881024816	0.0105263157894737	0.169811320754717	0.00654333231763594	0.169811320754717	UCEC
SCAPER	0.00775339851280831	0.0165234838208476	1208	1.98367993782248	0.0210526315789474	0.132075471698113	0.0205041401530475	0.132075471698113	UCEC
TRIP11	0.0114681916332778	0.0204827867114455	1208	3.14001261939642	0.0105263157894737	0.132075471698113	0.00654333231763594	0.132075471698113	UCEC
EIF3A	0.00775777899682391	0.0165234838208476	1208	1.98293609743345	0.0210526315789474	0.132075471698113	0.0205190845651579	0.132075471698113	UCEC
UGT2B28	0.026547126938771	0.0363330408748339	1208	1.93108080480475	0.0210526315789474	0.0943396226415094	0.0148785553086843	0.0943396226415094	UCEC
GRIK3	0.0114681916332779	0.0204827867114455	1208	3.14001261939642	0.0105263157894737	0.132075471698113	0.00654333231763594	0.132075471698113	UCEC
NRIP1	0.0114681916332778	0.0204827867114455	1208	3.14001261939642	0.0105263157894737	0.132075471698113	0.00654333231763594	0.132075471698113	UCEC
KATNAL2	0.0038370527844106	0.0135749612254866	1208	2.12142629575351	0.0210526315789474	0.150943396226415	0.0208639615920567	0.150943396226415	UCEC
FLG2	0.0178169361122873	0.0263644254046805	1208	1.72790405913798	0.0315789473684211	0.113207547169811	0.0221765828766625	0.113207547169811	UCEC
AP4B1	0.0130082289150042	0.0224946127962585	1208	2.1839693157286	0.0105263157894737	0.113207547169811	0.0141699898986276	0.113207547169811	UCEC
MPDZ	0.0077953715477902	0.0165234838208476	1208	3.29552291873972	0.0105263157894737	0.150943396226415	0.00654333231763594	0.150943396226415	UCEC
NUP153	0.00368340820531594	0.0135749612254866	1208	2.22337698569032	0.0210526315789474	0.150943396226415	0.0188798829030354	0.150943396226415	UCEC
SORCS3	0.00579352062524229	0.0163321503661542	1208	3.05449279757513	0.0315789473684211	0.150943396226415	0.00831195500857586	0.150943396226415	UCEC
ZNF607	0.00684711924227407	0.0165234838208476	1208	2.32389967011259	0.0210526315789474	0.132075471698113	0.0146778220260467	0.132075471698113	UCEC
ZNF608	0.0170592428794695	0.0261111314507488	1208	1.76587025461821	0.0210526315789474	0.113207547169811	0.0213680588604921	0.113207547169811	UCEC
PRG4	0.00775339851280825	0.0165234838208476	1208	1.98367993782248	0.0210526315789474	0.132075471698113	0.0205041401530475	0.132075471698113	UCEC
NEDD4	0.0049699461225571	0.0155800593178087	1208	2.91056276988279	0.0210526315789474	0.150943396226415	0.00958633817449641	0.150943396226415	UCEC
EMR1	0.0170072825664076	0.0261111314507488	1208	1.44374060871282	0.0315789473684211	0.132075471698113	0.0346741300516751	0.132075471698113	UCEC
CNTN5	0.00116677948392259	0.0119825379414936	1208	2.73422888057902	0.0210526315789474	0.188679245283019	0.0148785553086843	0.188679245283019	UCEC
FAM129A	0.00543388228269599	0.0157896079406802	1208	3.43577881024816	0.0105263157894737	0.169811320754717	0.00654333231763594	0.169811320754717	UCEC
FBXO24	0.0185426654450776	0.0270182907304844	1208	1.69532025129673	0.0315789473684211	0.113207547169811	0.0228942659821885	0.113207547169811	UCEC
DBC1	0.0240594965177417	0.0337234686811759	1208	2.33771898309226	0.0210526315789474	0.0943396226415094	0.00995690608991296	0.0943396226415094	UCEC
PCDHGA4	0.0156486006488904	0.0256156353333781	1208	1.85180487027704	0.0210526315789474	0.113207547169811	0.019643052875708	0.113207547169811	UCEC
CAGE1	0.0174212471448039	0.0261111314507488	1208	2.9643557343482	0.0105263157894737	0.113207547169811	0.00654333231763594	0.113207547169811	UCEC
ZNF423	0.0241771791502912	0.0337892818482393	1208	1.29299264624281	0.0315789473684211	0.132075471698113	0.0400895646637528	0.132075471698113	UCEC
CNTLN	0.00746735892831701	0.0165234838208476	1208	1.5987978365552	0.0315789473684211	0.150943396226415	0.0346892983837044	0.150943396226415	UCEC
KIAA1432	0.00204562639139789	0.0120026830416687	1208	2.60246196698409	0.0105263157894737	0.169811320754717	0.0149287204330362	0.169811320754717	UCEC
PPP1R12B	0.00191689478956773	0.0120026830416687	1208	2.27783319528212	0.0315789473684211	0.169811320754717	0.020536558922241	0.169811320754717	UCEC
F9	0.0174212471448039	0.0261111314507488	1208	2.9643557343482	0.0105263157894737	0.113207547169811	0.00654333231763594	0.113207547169811	UCEC
SMARCA5	0.0256419034917645	0.0353989065239324	1208	1.99567886411543	0.0105263157894737	0.0943396226415094	0.0139608078354116	0.0943396226415094	UCEC
CCPG1	0.00779537154779026	0.0165234838208476	1208	3.29552291873972	0.0105263157894737	0.150943396226415	0.00654333231763594	0.150943396226415	UCEC
KIAA0922	0.0270312313023769	0.0367303871383917	1208	1.45091993637226	0.0315789473684211	0.113207547169811	0.0290485452073119	0.113207547169811	UCEC
DCBLD2	0.0146088351855404	0.0243373207997261	1208	2.71369964175177	0.0210526315789474	0.113207547169811	0.00839167731378451	0.113207547169811	UCEC
PCDHB2	0.00805761169896047	0.01654218923523	1208	1.93656588240551	0.0210526315789474	0.132075471698113	0.0214720527506721	0.132075471698113	UCEC
SNX19	0.0174212471448039	0.0261111314507488	1208	2.9643557343482	0.0105263157894737	0.113207547169811	0.00654333231763594	0.113207547169811	UCEC
ZNF662	0.0163181455154412	0.0259966654588797	1208	1.80802305277426	0.0210526315789474	0.113207547169811	0.0205041401530475	0.113207547169811	UCEC
ZNF442	0.0092417337507851	0.0179951800224694	1208	2.92074326497287	0.0105263157894737	0.132075471698113	0.00813448970841073	0.132075471698113	UCEC
SYDE2	0.021773960765485	0.0308702973883961	1208	1.33540741348065	0.0315789473684211	0.132075471698113	0.0384888081564167	0.132075471698113	UCEC
RAD54L2	0.0178939802760807	0.0263783455582029	1208	1.41989716923604	0.0315789473684211	0.132075471698113	0.0354811243391778	0.132075471698113	UCEC
CAMTA2	0.0114681916332779	0.0204827867114455	1208	3.14001261939643	0.0105263157894737	0.132075471698113	0.00654333231763594	0.132075471698113	UCEC
TET2	0.00374892111201389	0.0135749612254866	1208	2.51513514073361	0.0210526315789474	0.150943396226415	0.0141700088882166	0.150943396226415	UCEC
KIF5B	0.00779537154779017	0.0165234838208476	1208	3.29552291873972	0.0105263157894737	0.150943396226415	0.00654333231763594	0.150943396226415	UCEC
CD209	0.0391540073881386	0.0493837271815337	1208	1.26701808234522	0.0315789473684211	0.113207547169811	0.0347098167144127	0.113207547169811	UCEC
USP48	0.00685682843030992	0.0165234838208476	1208	2.36235627590158	0.0210526315789474	0.132075471698113	0.0141319034007507	0.132075471698113	UCEC
NCAPD2	0.0128890134674183	0.0224626078414038	1208	2.25666881788126	0.0105263157894737	0.113207547169811	0.0131895002106465	0.113207547169811	UCEC
MCM3AP	0.0163181455154412	0.0259966654588797	1208	1.80802305277426	0.0210526315789474	0.113207547169811	0.0205041401530475	0.113207547169811	UCEC
INTS8	0.00779537154779023	0.0165234838208476	1208	3.29552291873972	0.0105263157894737	0.150943396226415	0.00654333231763594	0.150943396226415	UCEC
APAF1	0.00692166685368763	0.0165234838208476	1208	2.43232535794362	0.0105263157894737	0.132075471698113	0.0131895002106465	0.132075471698113	UCEC
ANO3	0.00237111399747932	0.012868713445403	1208	2.7958104966567	0.0105263157894737	0.169811320754717	0.0123365505853995	0.169811320754717	UCEC
COL3A1	0.0275985356907616	0.037002176821469	1208	2.76097784711834	0.0210526315789474	0.0943396226415094	0.00654335130722496	0.0943396226415094	UCEC
PASK	0.0337139165575686	0.0442586689126726	1208	1.65159564779087	0.0210526315789474	0.0943396226415094	0.0195821821237387	0.0943396226415094	UCEC
TRPS1	0.0114681916332778	0.0204827867114455	1208	3.14001261939642	0.0105263157894737	0.132075471698113	0.00654333231763594	0.132075471698113	UCEC
NCAPG	0.0398006356758987	0.0498663022440157	1208	1.51903516274117	0.0210526315789474	0.0943396226415094	0.02229603082646	0.0943396226415094	UCEC
BAZ1A	0.00543388228269602	0.0157896079406802	1208	3.43577881024816	0.0105263157894737	0.169811320754717	0.00654333231763594	0.169811320754717	UCEC
BAZ1B	0.0390622264958824	0.0493091263452618	1208	1.26808372366459	0.0315789473684211	0.113207547169811	0.0346741300516751	0.113207547169811	UCEC
RAPGEF4	0.00760819432516366	0.0165234838208476	1208	1.58971375997797	0.0315789473684211	0.150943396226415	0.0349947764565981	0.150943396226415	UCEC
MYO5C	0.00923234051333063	0.0179951800224694	1208	1.50130533235901	0.0315789473684211	0.150943396226415	0.0381062263238686	0.150943396226415	UCEC
FLT1	0.0114681916332779	0.0204827867114455	1208	3.14001261939642	0.0105263157894737	0.132075471698113	0.00654333231763594	0.132075471698113	UCEC
ADD3	0.0325796226988021	0.0428813675068728	1208	1.17978290386739	0.0421052631578947	0.132075471698113	0.0446802660376708	0.132075471698113	UCEC
DUOX1	0.0174212058781294	0.0261111314507488	1208	2.96435281311012	0.0210526315789474	0.113207547169811	0.00654335130722496	0.113207547169811	UCEC
PCDHGA12	0.0172548656766997	0.0261111314507488	1208	1.43705876192367	0.0315789473684211	0.132075471698113	0.0348984804469205	0.132075471698113	UCEC
RGNEF	0.0265471269387708	0.0363330408748339	1208	1.93108080480475	0.0210526315789474	0.0943396226415094	0.0148785553086843	0.0943396226415094	UCEC
PITRM1	0.0107150127706687	0.0203141584648436	1208	1.69610995144084	0.0210526315789474	0.132075471698113	0.027150308046058	0.132075471698113	UCEC
DCLK2	0.0038902833119873	0.0135749612254866	1208	2.09703743900973	0.0210526315789474	0.150943396226415	0.0213680588604921	0.150943396226415	UCEC
LRRC8D	0.00775339851280825	0.0165234838208476	1208	1.98367993782248	0.0210526315789474	0.132075471698113	0.0205041401530475	0.132075471698113	UCEC
ATP7A	0.0040001476589598	0.0135749612254866	1208	2.64195795558783	0.0105263157894737	0.150943396226415	0.0125033202719175	0.150943396226415	UCEC
OTUD4	0.0116812601765711	0.0207407569057568	1208	1.64121081356667	0.0315789473684211	0.132075471698113	0.0286386298614582	0.132075471698113	UCEC
COL2A1	0.0174212471448038	0.0261111314507488	1208	2.9643557343482	0.0105263157894737	0.113207547169811	0.00654333231763594	0.113207547169811	UCEC
USP26	0.0399433049595287	0.0499621968492118	1208	1.51644858488614	0.0315789473684211	0.0943396226415094	0.0223524851491961	0.0943396226415094	UCEC
CDH1	0.0129979991148621	0.0224946127962585	1208	1.57934706266269	0.0315789473684211	0.132075471698113	0.0304106926140956	0.132075471698113	UCEC
CENPI	0.0038025014335382	0.0135749612254866	1208	2.13919023716578	0.0210526315789474	0.150943396226415	0.0205041401530475	0.150943396226415	UCEC
SSH1	0.0163446781245594	0.0259966654588797	1208	1.80641106344271	0.0210526315789474	0.113207547169811	0.020536539932652	0.113207547169811	UCEC
DHX30	0.0152381147898992	0.0251637065000411	1208	1.8822159759561	0.0210526315789474	0.113207547169811	0.0190658957134066	0.113207547169811	UCEC
PGBD1	0.00685381357562399	0.0165234838208476	1208	2.35713233338648	0.0210526315789474	0.132075471698113	0.014204869334343	0.132075471698113	UCEC
MYH6	0.0356151500980352	0.0461530804443664	1208	1.60464808678247	0.0210526315789474	0.0943396226415094	0.0205041401530475	0.0943396226415094	UCEC
JAK2	0.0154679041496024	0.0254330208240486	1208	1.86480188737653	0.0210526315789474	0.113207547169811	0.019394323040211	0.113207547169811	UCEC
KIAA1751	0.0174212471448038	0.0261111314507488	1208	2.9643557343482	0.0105263157894737	0.113207547169811	0.00654333231763594	0.113207547169811	UCEC
TNXB	0.03670013046293	0.0471546744298361	1208	1.2967890203343	0.0315789473684211	0.113207547169811	0.0337260401432984	0.113207547169811	UCEC
NELL2	0.0238370131471129	0.0334737238524978	1208	1.52329012402764	0.0210526315789474	0.113207547169811	0.027075472805594	0.113207547169811	UCEC
PGBD2	0.0171971516583999	0.0261111314507488	1208	1.75861444823688	0.0210526315789474	0.113207547169811	0.0215203165037662	0.113207547169811	UCEC
HFM1	0.0174212471448039	0.0261111314507488	1208	2.9643557343482	0.0105263157894737	0.113207547169811	0.00654333231763594	0.113207547169811	UCEC
RAD51AP2	0.0114681916332779	0.0204827867114455	1208	3.14001261939642	0.0105263157894737	0.132075471698113	0.00654333231763594	0.132075471698113	UCEC
CXorf22	0.0389235093068865	0.0492835409843956	1208	1.26970101505744	0.0315789473684211	0.113207547169811	0.0346200370618383	0.113207547169811	UCEC
KCNU1	0.00543388228269603	0.0157896079406802	1208	3.43577881024816	0.0105263157894737	0.169811320754717	0.00654333231763594	0.169811320754717	UCEC
RAG2	0.00912752099843478	0.0179367923792756	1208	1.81552216399549	0.0210526315789474	0.132075471698113	0.0241681788819959	0.132075471698113	UCEC
KL	0.0147799858807045	0.0245412732590599	1208	1.92041188656683	0.0210526315789474	0.113207547169811	0.0183645104727056	0.113207547169811	UCEC
ZNF721	0.0072965133013855	0.0165234838208476	1208	2.07799336551608	0.0210526315789474	0.132075471698113	0.0186932131090531	0.132075471698113	UCEC
SLC13A1	0.00779537154779023	0.0165234838208476	1208	3.29552291873972	0.0105263157894737	0.150943396226415	0.00654333231763594	0.150943396226415	UCEC
INTS3	0.0240594932935816	0.0337234686811759	1208	2.33771705673584	0.0315789473684211	0.0943396226415094	0.00995692507950199	0.0943396226415094	UCEC
CTNNA1	0.0275985792705464	0.037002176821469	1208	2.76098076835641	0.0105263157894737	0.0943396226415094	0.00654333231763594	0.0943396226415094	UCEC
MYLK	0.00779537154779026	0.0165234838208476	1208	3.29552291873972	0.0105263157894737	0.150943396226415	0.00654333231763594	0.150943396226415	UCEC
SYNM	0.0130082289150042	0.0224946127962585	1208	2.1839693157286	0.0105263157894737	0.113207547169811	0.0141699898986276	0.113207547169811	UCEC
STAT1	0.00754081211708379	0.0165234838208476	1208	2.02281003103896	0.0210526315789474	0.132075471698113	0.0197328325282824	0.132075471698113	UCEC
ABCC8	0.00605540629966878	0.0165234838208476	1208	1.7103997300595	0.0315789473684211	0.150943396226415	0.0311401894112851	0.150943396226415	UCEC
ZNF630	0.00779537154779025	0.0165234838208476	1208	3.29552291873972	0.0105263157894737	0.150943396226415	0.00654333231763594	0.150943396226415	UCEC
GYS2	0.0207012922283588	0.0296208831032672	1208	1.61410690654819	0.0210526315789474	0.113207547169811	0.0247831700771016	0.113207547169811	UCEC
TTC18	0.0202218865608997	0.029044934024258	1208	1.36641211907225	0.0315789473684211	0.132075471698113	0.0373576790926424	0.132075471698113	UCEC
PHF20L1	0.0174430818041037	0.0261111314507488	1208	1.74607326011456	0.0210526315789474	0.113207547169811	0.0217859894601723	0.113207547169811	UCEC
C8orf80	0.0038025031804173	0.0135749612254866	1208	2.13918929164474	0.0315789473684211	0.150943396226415	0.0205041591426365	0.150943396226415	UCEC
